Instance Type,Market,vCPU,RAM (GiB),Storage,Price ($/h),Price ($/m),Price ($/y),Unit,Terms
t4g.nano,ondemand,2,0.5,EBS only,0.0042,3.024,36.288,hrs,"OnDemand, Reserved"
t3a.nano,ondemand,2,0.5,EBS only,0.0047,3.3840000000000003,40.608000000000004,hrs,"OnDemand, Reserved"
t3.nano,ondemand,2,0.5,EBS only,0.0052,3.7439999999999998,44.928,hrs,"OnDemand, Reserved"
t2.nano,ondemand,1,0.5,EBS only,0.0058,4.176,50.112,hrs,"OnDemand, Reserved"
t4g.micro,ondemand,2,1.0,EBS only,0.0084,6.048,72.576,hrs,"OnDemand, Reserved"
t3a.micro,ondemand,2,1.0,EBS only,0.0094,6.768000000000001,81.21600000000001,hrs,"OnDemand, Reserved"
t2.micro,ondemand,1,1.0,EBS only,0.0116,8.352,100.224,hrs,"OnDemand, Reserved"
t4g.small,ondemand,2,2.0,EBS only,0.0168,12.096,145.152,hrs,"OnDemand, Reserved"
t3.small,ondemand,2,2.0,EBS only,0.0208,14.975999999999999,179.712,hrs,"OnDemand, Reserved"
a1.medium,ondemand,1,2.0,EBS only,0.0255,18.36,220.32,hrs,"OnDemand, Reserved"
t4g.medium,ondemand,2,4.0,EBS only,0.0336,24.192,290.304,hrs,"OnDemand, Reserved"
c6g.medium,ondemand,1,2.0,EBS only,0.034,24.48,293.76,hrs,"OnDemand, Reserved"
c7g.medium,ondemand,1,2.0,EBS only,0.0361,25.992,311.904,hrs,"OnDemand, Reserved"
t3a.medium,ondemand,2,4.0,EBS only,0.0376,27.072000000000003,324.86400000000003,hrs,"OnDemand, Reserved"
c6gd.medium,ondemand,1,2.0,1 x 59 NVMe SSD,0.0384,27.647999999999996,331.77599999999995,hrs,"OnDemand, Reserved"
m6g.medium,ondemand,1,4.0,EBS only,0.0385,27.72,332.64,hrs,"OnDemand, Reserved"
m7g.medium,ondemand,1,4.0,EBS only,0.0408,29.376,352.512,hrs,"OnDemand, Reserved"
c6gn.medium,ondemand,1,2.0,EBS only,0.0432,31.104000000000003,373.24800000000005,hrs,"OnDemand, Reserved"
m6gd.medium,ondemand,1,4.0,1 x 59 NVMe SSD,0.0452,32.544,390.52799999999996,hrs,"OnDemand, Reserved"
c7gd.medium,ondemand,1,2.0,1 x 59 NVMe SSD,0.0454,32.688,392.25600000000003,hrs,"OnDemand, Reserved"
t2.medium,ondemand,2,4.0,EBS only,0.0464,33.408,400.896,hrs,"OnDemand, Reserved"
r6g.medium,ondemand,1,8.0,EBS only,0.0504,36.288,435.45599999999996,hrs,"OnDemand, Reserved"
a1.large,ondemand,2,4.0,EBS only,0.051,36.72,440.64,hrs,"OnDemand, Reserved"
c7a.medium,ondemand,1,2.0,EBS only,0.05132,36.950399999999995,443.4047999999999,hrs,"OnDemand, Reserved"
m7gd.medium,ondemand,1,4.0,1 x 59 NVMe SSD,0.0534,38.448,461.376,hrs,"OnDemand, Reserved"
r7g.medium,ondemand,1,8.0,EBS only,0.0536,38.592,463.104,hrs,"OnDemand, Reserved"
r6gd.medium,ondemand,1,8.0,1 x 59 NVMe SSD,0.0576,41.472,497.664,hrs,"OnDemand, Reserved"
c7gn.medium,ondemand,1,2.0,EBS only,0.0624,44.928,539.136,hrs,"OnDemand, Reserved"
t4g.large,ondemand,2,8.0,EBS only,0.0672,48.384,580.608,hrs,"OnDemand, Reserved"
c6g.large,ondemand,2,4.0,EBS only,0.068,48.96,587.52,hrs,"OnDemand, Reserved"
r7gd.medium,ondemand,1,8.0,1 x 59 NVMe SSD,0.068,48.96,587.52,hrs,"OnDemand, Reserved"
c7g.large,ondemand,2,4.0,EBS only,0.0723,52.056000000000004,624.672,hrs,"OnDemand, Reserved"
t3a.large,ondemand,2,8.0,EBS only,0.0752,54.144000000000005,649.7280000000001,hrs,"OnDemand, Reserved"
r7a.medium,ondemand,1,8.0,EBS only,0.07608,54.7776,657.3312,hrs,"OnDemand, Reserved"
c6gd.large,ondemand,2,4.0,1 x 118 NVMe SSD,0.0768,55.29599999999999,663.5519999999999,hrs,"OnDemand, Reserved"
c5a.large,ondemand,2,4.0,EBS only,0.077,55.44,665.28,hrs,"OnDemand, Reserved"
m6g.large,ondemand,2,8.0,EBS only,0.077,55.44,665.28,hrs,"OnDemand, Reserved"
t3.micro,ondemand,2,1.0,EBS only,0.078,56.16,673.92,hrs,"OnDemand, Reserved"
m7g.large,ondemand,2,8.0,EBS only,0.0816,58.752,705.024,hrs,"OnDemand, Reserved"
t3.large,ondemand,2,8.0,EBS only,0.0832,59.903999999999996,718.848,hrs,"OnDemand, Reserved"
x2gd.medium,ondemand,1,16.0,1 x 59 SSD,0.0835,60.120000000000005,721.44,hrs,"OnDemand, Reserved"
c6i.large,ondemand,2,4.0,EBS only,0.085,61.2,734.4000000000001,hrs,"OnDemand, Reserved"
c5.large,ondemand,2,4.0,EBS only,0.085,61.2,734.4000000000001,hrs,"OnDemand, Reserved"
t3a.small,ondemand,2,2.0,EBS only,0.0864,62.208000000000006,746.4960000000001,hrs,"OnDemand, Reserved"
c6gn.large,ondemand,2,4.0,EBS only,0.0864,62.208000000000006,746.4960000000001,hrs,"OnDemand, Reserved"
m6gd.large,ondemand,2,8.0,1 x 118 NVMe SSD,0.0904,65.088,781.0559999999999,hrs,"OnDemand, Reserved"
c7gd.large,ondemand,2,4.0,1 x 118 NVMe SSD,0.0907,65.304,783.648,hrs,"OnDemand, Reserved"
t2.small,ondemand,1,2.0,EBS only,0.0908,65.376,784.5120000000001,hrs,"OnDemand, Reserved"
t2.large,ondemand,2,8.0,EBS only,0.0928,66.816,801.792,hrs,"OnDemand, Reserved"
c5d.large,ondemand,2,4.0,1 x 50 NVMe SSD,0.096,69.12,829.44,hrs,"OnDemand, Reserved"
m5.large,ondemand,2,8.0,EBS only,0.096,69.12,829.44,hrs,"OnDemand, Reserved"
c4.large,ondemand,2,3.75,EBS only,0.1,72.0,864.0,hrs,"OnDemand, Reserved"
c6id.large,ondemand,2,4.0,1 x 118 NVMe SSD,0.1008,72.576,870.9119999999999,hrs,"OnDemand, Reserved"
r6g.large,ondemand,2,16.0,EBS only,0.1008,72.576,870.9119999999999,hrs,"OnDemand, Reserved"
a1.xlarge,ondemand,4,8.0,EBS only,0.102,73.44,881.28,hrs,"OnDemand, Reserved"
m7gd.large,ondemand,2,8.0,1 x 118 NVMe SSD,0.1068,76.896,922.752,hrs,"OnDemand, Reserved"
r7g.large,ondemand,2,16.0,EBS only,0.1071,77.112,925.3439999999999,hrs,"OnDemand, Reserved"
t3.medium,ondemand,2,4.0,EBS only,0.1092,78.62400000000001,943.488,hrs,"OnDemand, Reserved"
r6gd.large,ondemand,2,16.0,1 x 118 NVMe SSD,0.1152,82.944,995.328,hrs,"OnDemand, Reserved"
m7a.large,ondemand,2,8.0,EBS only,0.11592,83.4624,1001.5488,hrs,"OnDemand, Reserved"
c7gn.large,ondemand,2,4.0,EBS only,0.1248,89.856,1078.272,hrs,"OnDemand, Reserved"
r6i.large,ondemand,2,16.0,EBS only,0.126,90.72,1088.6399999999999,hrs,"OnDemand, Reserved"
t4g.xlarge,ondemand,4,16.0,EBS only,0.1344,96.768,1161.216,hrs,"OnDemand, Reserved"
m5dn.large,ondemand,2,8.0,1 x 75 NVMe SSD,0.136,97.92,1175.04,hrs,"OnDemand, Reserved"
c6g.xlarge,ondemand,4,8.0,EBS only,0.136,97.92,1175.04,hrs,"OnDemand, Reserved"
r7gd.large,ondemand,2,16.0,1 x 118 NVMe SSD,0.1361,97.992,1175.904,hrs,"OnDemand, Reserved"
r5d.large,ondemand,2,16.0,1 x 75 NVMe SSD,0.144,103.67999999999999,1244.1599999999999,hrs,"OnDemand, Reserved"
is4gen.medium,ondemand,1,6.0,1 x 937 SSD,0.14408,103.73760000000001,1244.8512,hrs,"OnDemand, Reserved"
c7g.xlarge,ondemand,4,8.0,EBS only,0.1445,104.03999999999999,1248.48,hrs,"OnDemand, Reserved"
r5b.large,ondemand,2,16.0,EBS only,0.149,107.28,1287.3600000000001,hrs,"OnDemand, Reserved"
r6id.large,ondemand,2,16.0,1 x 118 NVMe SSD,0.1512,108.864,1306.368,hrs,"OnDemand, Reserved"
c6gd.xlarge,ondemand,4,8.0,1 x 237 NVMe SSD,0.1536,110.59199999999998,1327.1039999999998,hrs,"OnDemand, Reserved"
c5ad.large,ondemand,2,4.0,1 x 75 NVMe SSD,0.154,110.88,1330.56,hrs,"OnDemand, Reserved"
m6a.large,ondemand,2,8.0,EBS only,0.154,110.88,1330.56,hrs,"OnDemand, Reserved"
m5a.large,ondemand,2,8.0,EBS only,0.154,110.88,1330.56,hrs,"OnDemand, Reserved"
m6g.xlarge,ondemand,4,16.0,EBS only,0.154,110.88,1330.56,hrs,"OnDemand, Reserved"
i4g.large,ondemand,2,16.0,1 x 468 SSD,0.15444,111.1968,1334.3616,hrs,"OnDemand, Reserved"
m7g.xlarge,ondemand,4,16.0,EBS only,0.1632,117.504,1410.048,hrs,"OnDemand, Reserved"
r3.large,ondemand,2,15.25,1 x 32 SSD,0.166,119.52000000000001,1434.2400000000002,hrs,"OnDemand, Reserved"
x2gd.large,ondemand,2,32.0,1 x 118 SSD,0.167,120.24000000000001,1442.88,hrs,"OnDemand, Reserved"
m4.large,ondemand,2,8.0,EBS only,0.1676,120.672,1448.0639999999999,hrs,"OnDemand, Reserved"
m7i.large,ondemand,2,8.0,EBS only,0.1684,121.24799999999999,1454.9759999999999,hrs,"OnDemand, Reserved"
c5.xlarge,ondemand,4,8.0,EBS only,0.17,122.4,1468.8000000000002,hrs,"OnDemand, Reserved"
c7a.large,ondemand,2,4.0,EBS only,0.17024,122.5728,1470.8736,hrs,"OnDemand, Reserved"
c6gn.xlarge,ondemand,4,8.0,EBS only,0.1728,124.41600000000001,1492.9920000000002,hrs,"OnDemand, Reserved"
m6gd.xlarge,ondemand,4,16.0,1 x 237 NVMe SSD,0.1808,130.176,1562.1119999999999,hrs,"OnDemand, Reserved"
r6a.large,ondemand,2,16.0,EBS only,0.181,130.32,1563.84,hrs,"OnDemand, Reserved"
c7gd.xlarge,ondemand,4,8.0,1 x 237 NVMe SSD,0.1814,130.608,1567.296,hrs,"OnDemand, Reserved"
im4gn.large,ondemand,2,8.0,1 x 937 SSD,0.1819,130.96800000000002,1571.6160000000002,hrs,"OnDemand, Reserved"
t2.xlarge,ondemand,4,16.0,EBS only,0.1856,133.632,1603.584,hrs,"OnDemand, Reserved"
z1d.large,ondemand,2,16.0,1 x 75 NVMe SSD,0.186,133.92,1607.04,hrs,"OnDemand, Reserved"
m6id.large,ondemand,2,8.0,1 x 118 NVMe SSD,0.18625,134.1,1609.1999999999998,hrs,"OnDemand, Reserved"
m6i.xlarge,ondemand,4,16.0,EBS only,0.192,138.24,1658.88,hrs,"OnDemand, Reserved"
r6idn.large,ondemand,2,16.0,1 x 118 SSD,0.19539,140.6808,1688.1696000000002,hrs,"OnDemand, Reserved"
r7i.large,ondemand,2,16.0,EBS only,0.1999,143.928,1727.136,hrs,"OnDemand, Reserved"
m7i.xlarge,ondemand,4,16.0,EBS only,0.2016,145.152,1741.8239999999998,hrs,"OnDemand, Reserved"
r6g.xlarge,ondemand,4,32.0,EBS only,0.2016,145.152,1741.8239999999998,hrs,"OnDemand, Reserved"
a1.2xlarge,ondemand,8,16.0,EBS only,0.204,146.88,1762.56,hrs,"OnDemand, Reserved"
m5ad.xlarge,ondemand,4,16.0,1 x 150 NVMe SSD,0.206,148.32,1779.84,hrs,"OnDemand, Reserved"
m7gd.xlarge,ondemand,4,16.0,1 x 237 NVMe SSD,0.2136,153.792,1845.504,hrs,"OnDemand, Reserved"
r7g.xlarge,ondemand,4,32.0,EBS only,0.2142,154.224,1850.6879999999999,hrs,"OnDemand, Reserved"
c5n.xlarge,ondemand,4,10.5,EBS only,0.216,155.52,1866.2400000000002,hrs,"OnDemand, Reserved"
i3.large,ondemand,2,15.25,1 x 475 NVMe SSD,0.224,161.28,1935.3600000000001,hrs,"OnDemand, Reserved"
i3en.large,ondemand,2,16.0,1 x 1250 NVMe SSD,0.226,162.72,1952.6399999999999,hrs,"OnDemand, Reserved"
m6idn.large,ondemand,2,8.0,1 x 118 SSD,0.22672,163.2384,1958.8608000000002,hrs,"OnDemand, Reserved"
c6in.xlarge,ondemand,4,8.0,EBS only,0.2268,163.296,1959.552,hrs,"OnDemand, Reserved"
r6gd.xlarge,ondemand,4,32.0,1 x 237 NVMe SSD,0.2304,165.888,1990.656,hrs,"OnDemand, Reserved"
m7a.xlarge,ondemand,4,16.0,EBS only,0.23184,166.9248,2003.0976,hrs,"OnDemand, Reserved"
m5zn.large,ondemand,2,8.0,EBS only,0.2328,167.616,2011.3920000000003,hrs,"OnDemand, Reserved"
r5dn.large,ondemand,2,16.0,1 x 75 NVMe SSD,0.235,169.2,2030.3999999999999,hrs,"OnDemand, Reserved"
c6i.xlarge,ondemand,4,8.0,EBS only,0.2376,171.072,2052.864,hrs,"OnDemand, Reserved"
i4i.large,ondemand,2,16.0,1 x 468 NVMe SSD,0.239,172.07999999999998,2064.96,hrs,"OnDemand, Reserved"
r6in.large,ondemand,2,16.0,EBS only,0.24193,174.1896,2090.2752,hrs,"OnDemand, Reserved"
c7gn.xlarge,ondemand,4,8.0,EBS only,0.2496,179.712,2156.544,hrs,"OnDemand, Reserved"
c5d.xlarge,ondemand,4,8.0,1 x 100 NVMe SSD,0.26,187.20000000000002,2246.4,hrs,"OnDemand, Reserved"
t4g.2xlarge,ondemand,8,32.0,EBS only,0.2688,193.536,2322.432,hrs,"OnDemand, Reserved"
c6g.2xlarge,ondemand,8,16.0,EBS only,0.272,195.84,2350.08,hrs,"OnDemand, Reserved"
r7gd.xlarge,ondemand,4,32.0,1 x 237 NVMe SSD,0.2722,195.984,2351.808,hrs,"OnDemand, Reserved"
is4gen.large,ondemand,2,12.0,1 x 1875 SSD,0.28815,207.46800000000002,2489.616,hrs,"OnDemand, Reserved"
c7g.2xlarge,ondemand,8,16.0,EBS only,0.289,208.07999999999998,2496.96,hrs,"OnDemand, Reserved"
r6a.xlarge,ondemand,4,32.0,EBS only,0.2944,211.968,2543.616,hrs,"OnDemand, Reserved"
m6id.xlarge,ondemand,4,16.0,1 x 237 NVMe SSD,0.3049,219.528,2634.336,hrs,"OnDemand, Reserved"
m5n.xlarge,ondemand,4,16.0,EBS only,0.306,220.32,2643.84,hrs,"OnDemand, Reserved"
c6gd.2xlarge,ondemand,8,16.0,1 x 475 NVMe SSD,0.3072,221.18399999999997,2654.2079999999996,hrs,"OnDemand, Reserved"
m6g.2xlarge,ondemand,8,32.0,EBS only,0.308,221.76,2661.12,hrs,"OnDemand, Reserved"
i4g.xlarge,ondemand,4,32.0,1 x 937 SSD,0.30888,222.3936,2668.7232,hrs,"OnDemand, Reserved"
r6i.xlarge,ondemand,4,32.0,EBS only,0.3196,230.112,2761.344,hrs,"OnDemand, Reserved"
r5.xlarge,ondemand,4,32.0,EBS only,0.32,230.4,2764.8,hrs,"OnDemand, Reserved"
m7g.2xlarge,ondemand,8,32.0,EBS only,0.3264,235.008,2820.096,hrs,"OnDemand, Reserved"
m5zn.xlarge,ondemand,4,16.0,EBS only,0.3303,237.81599999999997,2853.7919999999995,hrs,"OnDemand, Reserved"
t3.2xlarge,ondemand,8,32.0,EBS only,0.3328,239.61599999999999,2875.392,hrs,"OnDemand, Reserved"
r5dn.xlarge,ondemand,4,32.0,1 x 150 NVMe SSD,0.334,240.48000000000002,2885.76,hrs,"OnDemand, Reserved"
x2gd.xlarge,ondemand,4,64.0,1 x 237 SSD,0.334,240.48000000000002,2885.76,hrs,"OnDemand, Reserved"
m5dn.xlarge,ondemand,4,16.0,1 x 150 NVMe SSD,0.34,244.8,2937.6000000000004,hrs,"OnDemand, Reserved"
c5.2xlarge,ondemand,8,16.0,EBS only,0.34,244.8,2937.6000000000004,hrs,"OnDemand, Reserved"
c6i.2xlarge,ondemand,8,16.0,EBS only,0.34,244.8,2937.6000000000004,hrs,"OnDemand, Reserved"
c6gn.2xlarge,ondemand,8,16.0,EBS only,0.3456,248.83200000000002,2985.9840000000004,hrs,"OnDemand, Reserved"
r6in.xlarge,ondemand,4,32.0,EBS only,0.34866,251.03520000000003,3012.4224000000004,hrs,"OnDemand, Reserved"
c7i.2xlarge,ondemand,8,16.0,EBS only,0.357,257.03999999999996,3084.4799999999996,hrs,"OnDemand, Reserved"
m6gd.2xlarge,ondemand,8,32.0,1 x 475 NVMe SSD,0.3616,260.352,3124.2239999999997,hrs,"OnDemand, Reserved"
c7gd.2xlarge,ondemand,8,16.0,1 x 475 NVMe SSD,0.3629,261.288,3135.456,hrs,"OnDemand, Reserved"
im4gn.xlarge,ondemand,4,16.0,1 x 1875 SSD,0.36379,261.9288,3143.1456000000003,hrs,"OnDemand, Reserved"
r5n.xlarge,ondemand,4,32.0,EBS only,0.366,263.52,3162.24,hrs,"OnDemand, Reserved"
r6id.xlarge,ondemand,4,32.0,1 x 237 NVMe SSD,0.37,266.4,3196.7999999999997,hrs,"OnDemand, Reserved"
g4ad.xlarge,ondemand,4,16.0,150 GB NVMe SSD,0.37853,272.54159999999996,3270.4991999999993,hrs,"OnDemand, Reserved"
m7i-flex.2xlarge,ondemand,8,32.0,EBS only,0.38304,275.7888,3309.4655999999995,hrs,"OnDemand, Reserved"
c5d.2xlarge,ondemand,8,16.0,1 x 200 NVMe SSD,0.384,276.48,3317.76,hrs,"OnDemand, Reserved"
r6idn.xlarge,ondemand,4,32.0,1 x 237 SSD,0.39078,281.3616,3376.3392000000003,hrs,"OnDemand, Reserved"
r3.xlarge,ondemand,4,30.5,1 x 80 SSD,0.4,288.0,3456.0,hrs,"OnDemand, Reserved"
c6id.2xlarge,ondemand,8,16.0,1 x 474 SSD,0.4032,290.304,3483.6479999999997,hrs,"OnDemand, Reserved"
m7i.2xlarge,ondemand,8,32.0,EBS only,0.4032,290.304,3483.6479999999997,hrs,"OnDemand, Reserved"
r6g.2xlarge,ondemand,8,64.0,EBS only,0.4032,290.304,3483.6479999999997,hrs,"OnDemand, Reserved"
a1.4xlarge,ondemand,16,32.0,EBS only,0.408,293.76,3525.12,hrs,"OnDemand, Reserved"
a1.metal,ondemand,16,32.0,EBS only,0.408,293.76,3525.12,hrs,"OnDemand, Reserved"
m5ad.2xlarge,ondemand,8,32.0,1 x 300 NVMe SSD,0.412,296.64,3559.68,hrs,"OnDemand, Reserved"
m7gd.2xlarge,ondemand,8,32.0,1 x 475 NVMe SSD,0.4271,307.512,3690.1440000000002,hrs,"OnDemand, Reserved"
r7g.2xlarge,ondemand,8,64.0,EBS only,0.4284,308.448,3701.3759999999997,hrs,"OnDemand, Reserved"
m5d.2xlarge,ondemand,8,32.0,1 x 300 NVMe SSD,0.452,325.44,3905.2799999999997,hrs,"OnDemand, Reserved"
c6in.2xlarge,ondemand,8,16.0,EBS only,0.4536,326.592,3919.104,hrs,"OnDemand, Reserved"
r6gd.2xlarge,ondemand,8,64.0,1 x 475 NVMe SSD,0.4608,331.776,3981.312,hrs,"OnDemand, Reserved"
m6a.2xlarge,ondemand,8,32.0,EBS only,0.4808,346.176,4154.112,hrs,"OnDemand, Reserved"
c7gn.2xlarge,ondemand,8,16.0,EBS only,0.4992,359.424,4313.088,hrs,"OnDemand, Reserved"
r6i.2xlarge,ondemand,8,64.0,EBS only,0.504,362.88,4354.5599999999995,hrs,"OnDemand, Reserved"
m5.2xlarge,ondemand,8,32.0,EBS only,0.519,373.68,4484.16,hrs,"OnDemand, Reserved"
m6i.2xlarge,ondemand,8,32.0,EBS only,0.5192,373.824,4485.888,hrs,"OnDemand, Reserved"
i3en.xlarge,ondemand,4,32.0,1 x 2500 NVMe SSD,0.52,374.40000000000003,4492.8,hrs,"OnDemand, Reserved"
r5ad.2xlarge,ondemand,8,64.0,1 x 300 NVMe SSD,0.524,377.28000000000003,4527.360000000001,hrs,"OnDemand, Reserved"
g4dn.xlarge,ondemand,4,16.0,125 GB NVMe SSD,0.526,378.72,4544.64,hrs,"OnDemand, Reserved"
r7i.2xlarge,ondemand,8,64.0,EBS only,0.5292,381.024,4572.2880000000005,hrs,"OnDemand, Reserved"
m4.2xlarge,ondemand,8,32.0,EBS only,0.5352,385.344,4624.128,hrs,"OnDemand, Reserved"
m7a.medium,ondemand,1,4.0,EBS only,0.53796,387.33119999999997,4647.974399999999,hrs,"OnDemand, Reserved"
g4ad.2xlarge,ondemand,8,32.0,300 GB NVMe SSD,0.54117,389.6424,4675.7088,hrs,"OnDemand, Reserved"
c6g.4xlarge,ondemand,16,32.0,EBS only,0.544,391.68,4700.16,hrs,"OnDemand, Reserved"
r7gd.2xlarge,ondemand,8,64.0,1 x 475 NVMe SSD,0.5443,391.896,4702.752,hrs,"OnDemand, Reserved"
c6a.large,ondemand,2,4.0,EBS only,0.5565,400.68,4808.16,hrs,"OnDemand, Reserved"
c7i.large,ondemand,2,4.0,EBS only,0.56925,409.86,4918.32,hrs,"OnDemand, Reserved"
m7i-flex.large,ondemand,2,8.0,EBS only,0.57576,414.54720000000003,4974.566400000001,hrs,"OnDemand, Reserved"
m6i.large,ondemand,2,8.0,EBS only,0.576,414.71999999999997,4976.639999999999,hrs,"OnDemand, Reserved"
is4gen.xlarge,ondemand,4,24.0,1 x 3750 SSD,0.5763,414.93600000000004,4979.232,hrs,"OnDemand, Reserved"
c7g.4xlarge,ondemand,16,32.0,EBS only,0.5781,416.23199999999997,4994.784,hrs,"OnDemand, Reserved"
m5ad.large,ondemand,2,8.0,1 x 75 NVMe SSD,0.583,419.76,5037.12,hrs,"OnDemand, Reserved"
c5n.large,ondemand,2,5.25,EBS only,0.588,423.35999999999996,5080.32,hrs,"OnDemand, Reserved"
r5a.large,ondemand,2,16.0,EBS only,0.593,426.96,5123.5199999999995,hrs,"OnDemand, Reserved"
m5d.large,ondemand,2,8.0,1 x 75 NVMe SSD,0.593,426.96,5123.5199999999995,hrs,"OnDemand, Reserved"
c6in.large,ondemand,2,4.0,EBS only,0.5934,427.24800000000005,5126.976000000001,hrs,"OnDemand, Reserved"
m7a.2xlarge,ondemand,8,32.0,EBS only,0.59888,431.1936,5174.3232,hrs,"OnDemand, Reserved"
m5n.large,ondemand,2,8.0,EBS only,0.599,431.28,5175.36,hrs,"OnDemand, Reserved"
r5.large,ondemand,2,16.0,EBS only,0.606,436.32,5235.84,hrs,"OnDemand, Reserved"
r7a.2xlarge,ondemand,8,64.0,EBS only,0.6086,438.192,5258.304,hrs,"OnDemand, Reserved"
m5n.2xlarge,ondemand,8,32.0,EBS only,0.611,439.92,5279.04,hrs,"OnDemand, Reserved"
r5ad.large,ondemand,2,16.0,1 x 75 NVMe SSD,0.611,439.92,5279.04,hrs,"OnDemand, Reserved"
c6a.4xlarge,ondemand,16,32.0,EBS only,0.612,440.64,5287.68,hrs,"OnDemand, Reserved"
r4.large,ondemand,2,15.25,EBS only,0.613,441.36,5296.32,hrs,"OnDemand, Reserved"
c6gd.4xlarge,ondemand,16,32.0,1 x 950 NVMe SSD,0.6144,442.36799999999994,5308.415999999999,hrs,"OnDemand, Reserved"
c5a.4xlarge,ondemand,16,32.0,EBS only,0.616,443.52,5322.24,hrs,"OnDemand, Reserved"
m6g.4xlarge,ondemand,16,64.0,EBS only,0.616,443.52,5322.24,hrs,"OnDemand, Reserved"
i4g.2xlarge,ondemand,8,64.0,1 x 1875 SSD,0.61776,444.7872,5337.4464,hrs,"OnDemand, Reserved"
m6in.large,ondemand,2,8.0,EBS only,0.61923,445.8456,5350.147199999999,hrs,"OnDemand, Reserved"
r5n.large,ondemand,2,16.0,EBS only,0.629,452.88,5434.5599999999995,hrs,"OnDemand, Reserved"
r7a.large,ondemand,2,16.0,EBS only,0.63215,455.14799999999997,5461.776,hrs,"OnDemand, Reserved"
t3.xlarge,ondemand,4,16.0,EBS only,0.6464,465.40799999999996,5584.896,hrs,"OnDemand, Reserved"
m6a.xlarge,ondemand,4,16.0,EBS only,0.6528,470.016,5640.192,hrs,"OnDemand, Reserved"
m7g.4xlarge,ondemand,16,64.0,EBS only,0.6528,470.016,5640.192,hrs,"OnDemand, Reserved"
r4.2xlarge,ondemand,8,61.0,EBS only,0.6672,480.384,5764.608,hrs,"OnDemand, Reserved"
r5dn.2xlarge,ondemand,8,64.0,1 x 300 NVMe SSD,0.668,480.96000000000004,5771.52,hrs,"OnDemand, Reserved"
x2gd.2xlarge,ondemand,8,128.0,1 x 474 SSD,0.668,480.96000000000004,5771.52,hrs,"OnDemand, Reserved"
m5.xlarge,ondemand,4,16.0,EBS only,0.672,483.84000000000003,5806.08,hrs,"OnDemand, Reserved"
c5.4xlarge,ondemand,16,32.0,EBS only,0.68,489.6,5875.200000000001,hrs,"OnDemand, Reserved"
c4.xlarge,ondemand,4,7.5,EBS only,0.68,489.6,5875.200000000001,hrs,"OnDemand, Reserved"
m4.xlarge,ondemand,4,16.0,EBS only,0.68,489.6,5875.200000000001,hrs,"OnDemand, Reserved"
c7a.xlarge,ondemand,4,8.0,EBS only,0.68528,493.4016,5920.8192,hrs,"OnDemand, Reserved"
d2.xlarge,ondemand,4,30.5,3 x 2000 HDD,0.69,496.79999999999995,5961.599999999999,hrs,"OnDemand, Reserved"
c6gn.4xlarge,ondemand,16,32.0,EBS only,0.6912,497.66400000000004,5971.968000000001,hrs,"OnDemand, Reserved"
inf1.xlarge,ondemand,4,8.0,EBS only,0.708,509.76,6117.12,hrs,"OnDemand, Reserved"
r5d.2xlarge,ondemand,8,64.0,1 x 300 NVMe SSD,0.711,511.91999999999996,6143.039999999999,hrs,"OnDemand, Reserved"
m6gd.4xlarge,ondemand,16,64.0,1 x 950 NVMe SSD,0.7232,520.704,6248.447999999999,hrs,"OnDemand, Reserved"
c7gd.4xlarge,ondemand,16,32.0,1 x 950 NVMe SSD,0.7258,522.576,6270.912,hrs,"OnDemand, Reserved"
im4gn.2xlarge,ondemand,8,32.0,1 x 3750 SSD,0.72758,523.8576,6286.291200000001,hrs,"OnDemand, Reserved"
r5n.2xlarge,ondemand,8,64.0,EBS only,0.731,526.3199999999999,6315.839999999999,hrs,"OnDemand, Reserved"
z1d.2xlarge,ondemand,8,64.0,1 x 300 NVMe SSD,0.744,535.68,6428.16,hrs,"OnDemand, Reserved"
r7i.xlarge,ondemand,4,32.0,EBS only,0.7446,536.1120000000001,6433.344000000001,hrs,"OnDemand, Reserved"
g3s.xlarge,ondemand,4,30.5,EBS only,0.75,540.0,6480.0,hrs,"OnDemand, Reserved"
g4dn.2xlarge,ondemand,8,32.0,225 GB NVMe SSD,0.752,541.44,6497.280000000001,hrs,"OnDemand, Reserved"
inf2.xlarge,ondemand,4,16.0,EBS only,0.7582,545.904,6550.848,hrs,"OnDemand, Reserved"
m6in.xlarge,ondemand,4,16.0,EBS only,0.75846,546.0912000000001,6553.094400000001,hrs,"OnDemand, Reserved"
m6i.4xlarge,ondemand,16,64.0,EBS only,0.768,552.96,6635.52,hrs,"OnDemand, Reserved"
r5d.xlarge,ondemand,4,32.0,1 x 150 NVMe SSD,0.768,552.96,6635.52,hrs,"OnDemand, Reserved"
c5d.4xlarge,ondemand,16,32.0,1 x 400 NVMe SSD,0.768,552.96,6635.52,hrs,"OnDemand, Reserved"
m6idn.2xlarge,ondemand,8,32.0,1 x 474 SSD,0.77168,555.6096,6667.3152,hrs,"OnDemand, Reserved"
r6idn.2xlarge,ondemand,8,64.0,1 x 474 SSD,0.78156,562.7232,6752.678400000001,hrs,"OnDemand, Reserved"
r7a.xlarge,ondemand,4,32.0,EBS only,0.7843,564.696,6776.352000000001,hrs,"OnDemand, Reserved"
i3.xlarge,ondemand,4,30.5,1 x 950 NVMe SSD,0.792,570.24,6842.88,hrs,"OnDemand, Reserved"
m5zn.2xlarge,ondemand,8,32.0,EBS only,0.7959,573.048,6876.576,hrs,"OnDemand, Reserved"
m4.4xlarge,ondemand,16,64.0,EBS only,0.8,576.0,6912.0,hrs,"OnDemand, Reserved"
r6g.4xlarge,ondemand,16,128.0,EBS only,0.8064,580.608,6967.295999999999,hrs,"OnDemand, Reserved"
i4i.2xlarge,ondemand,8,64.0,1 x 1875 NVMe SSD,0.822,591.8399999999999,7102.079999999999,hrs,"OnDemand, Reserved"
m5ad.4xlarge,ondemand,16,64.0,2 x 300 NVMe SSD,0.824,593.28,7119.36,hrs,"OnDemand, Reserved"
r6in.2xlarge,ondemand,8,64.0,EBS only,0.83252,599.4144,7192.9728,hrs,"OnDemand, Reserved"
m7gd.4xlarge,ondemand,16,64.0,1 x 950 NVMe SSD,0.8543,615.096,7381.152,hrs,"OnDemand, Reserved"
r7g.4xlarge,ondemand,16,128.0,EBS only,0.8568,616.896,7402.7519999999995,hrs,"OnDemand, Reserved"
g4ad.4xlarge,ondemand,16,64.0,600 GB NVMe SSD,0.867,624.24,7490.88,hrs,"OnDemand, Reserved"
p2.xlarge,ondemand,4,61.0,EBS only,0.9,648.0,7776.0,hrs,"OnDemand, Reserved"
x1e.xlarge,ondemand,4,122.0,1 x 120 SSD,0.902,649.44,7793.280000000001,hrs,"OnDemand, Reserved"
i2.xlarge,ondemand,4,30.5,1 x 800 SSD,0.921,663.12,7957.4400000000005,hrs,"OnDemand, Reserved"
r6gd.4xlarge,ondemand,16,128.0,1 x 950 NVMe SSD,0.9216,663.552,7962.624,hrs,"OnDemand, Reserved"
m7a.4xlarge,ondemand,16,64.0,EBS only,0.92736,667.6992,8012.3904,hrs,"OnDemand, Reserved"
m5a.4xlarge,ondemand,16,64.0,EBS only,0.958,689.76,8277.119999999999,hrs,"OnDemand, Reserved"
c7gn.4xlarge,ondemand,16,32.0,EBS only,0.9984,718.848,8626.176,hrs,"OnDemand, Reserved"
g5.xlarge,ondemand,4,16.0,1 x 250 GB NVMe SSD,1.006,724.32,8691.84,hrs,"OnDemand, Reserved"
r6i.4xlarge,ondemand,16,128.0,EBS only,1.008,725.76,8709.119999999999,hrs,"OnDemand, Reserved"
r5ad.4xlarge,ondemand,16,128.0,2 x 300 NVMe SSD,1.048,754.5600000000001,9054.720000000001,hrs,"OnDemand, Reserved"
r7i.4xlarge,ondemand,16,128.0,EBS only,1.0584,762.048,9144.576000000001,hrs,"OnDemand, Reserved"
c4.4xlarge,ondemand,16,30.0,EBS only,1.07,770.4000000000001,9244.800000000001,hrs,"OnDemand, Reserved"
c6g.8xlarge,ondemand,32,64.0,EBS only,1.088,783.36,9400.32,hrs,"OnDemand, Reserved"
m5dn.4xlarge,ondemand,16,64.0,2 x 300 NVMe SSD,1.088,783.36,9400.32,hrs,"OnDemand, Reserved"
r7gd.4xlarge,ondemand,16,128.0,1 x 950 NVMe SSD,1.0886,783.792,9405.504,hrs,"OnDemand, Reserved"
d3.2xlarge,ondemand,8,64.0,6 x 2000 HDD,1.134,816.4799999999999,9797.759999999998,hrs,"OnDemand, Reserved"
c5n.4xlarge,ondemand,16,42.0,EBS only,1.134,816.4799999999999,9797.759999999998,hrs,"OnDemand, Reserved"
g3.4xlarge,ondemand,16,122.0,EBS only,1.14,820.8,9849.599999999999,hrs,"OnDemand, Reserved"
is4gen.2xlarge,ondemand,8,48.0,1 x 7500 SSD,1.1526,829.8720000000001,9958.464,hrs,"OnDemand, Reserved"
c7g.8xlarge,ondemand,32,64.0,EBS only,1.1562,832.4639999999999,9989.568,hrs,"OnDemand, Reserved"
r5a.4xlarge,ondemand,16,128.0,EBS only,1.174,845.28,10143.36,hrs,"OnDemand, Reserved"
c6in.4xlarge,ondemand,16,32.0,EBS only,1.1776,847.872,10174.464,hrs,"OnDemand, Reserved"
inf1.6xlarge,ondemand,24,48.0,EBS only,1.18,849.5999999999999,10195.199999999999,hrs,"OnDemand, Reserved"
r5n.4xlarge,ondemand,16,128.0,EBS only,1.192,858.24,10298.880000000001,hrs,"OnDemand, Reserved"
g4dn.4xlarge,ondemand,16,64.0,225 GB NVMe SSD,1.204,866.88,10402.56,hrs,"OnDemand, Reserved"
g5.2xlarge,ondemand,8,32.0,1 x 450 GB NVMe SSD,1.212,872.64,10471.68,hrs,"OnDemand, Reserved"
c6gd.8xlarge,ondemand,32,64.0,1 x 1900 NVMe SSD,1.2288,884.7359999999999,10616.831999999999,hrs,"OnDemand, Reserved"
c5a.8xlarge,ondemand,32,64.0,EBS only,1.232,887.04,10644.48,hrs,"OnDemand, Reserved"
m6g.8xlarge,ondemand,32,128.0,EBS only,1.232,887.04,10644.48,hrs,"OnDemand, Reserved"
i4g.4xlarge,ondemand,16,128.0,1 x 3750 SSD,1.23552,889.5744,10674.8928,hrs,"OnDemand, Reserved"
c6a.2xlarge,ondemand,8,16.0,EBS only,1.266,911.52,10938.24,hrs,"OnDemand, Reserved"
c5a.2xlarge,ondemand,8,16.0,EBS only,1.268,912.96,10955.52,hrs,"OnDemand, Reserved"
c5ad.2xlarge,ondemand,8,16.0,1 x 300 NVMe SSD,1.304,938.88,11266.56,hrs,"OnDemand, Reserved"
m7g.8xlarge,ondemand,32,128.0,EBS only,1.3056,940.032,11280.384,hrs,"OnDemand, Reserved"
inf1.2xlarge,ondemand,8,16.0,EBS only,1.322,951.84,11422.08,hrs,"OnDemand, Reserved"
r4.4xlarge,ondemand,16,122.0,EBS only,1.3344,960.768,11529.216,hrs,"OnDemand, Reserved"
r5dn.4xlarge,ondemand,16,128.0,2 x 300 NVMe SSD,1.336,961.9200000000001,11543.04,hrs,"OnDemand, Reserved"
x2gd.4xlarge,ondemand,16,256.0,1 x 950 SSD,1.336,961.9200000000001,11543.04,hrs,"OnDemand, Reserved"
trn1.2xlarge,ondemand,8,32.0,1 x 475 NVMe SSD,1.34375,967.5,11610.0,hrs,"OnDemand, Reserved"
d2.2xlarge,ondemand,8,61.0,6 x 2000 HDD,1.38,993.5999999999999,11923.199999999999,hrs,"OnDemand, Reserved"
c6gn.8xlarge,ondemand,32,64.0,EBS only,1.3824,995.3280000000001,11943.936000000002,hrs,"OnDemand, Reserved"
r6in.4xlarge,ondemand,16,128.0,EBS only,1.39464,1004.1408000000001,12049.689600000002,hrs,"OnDemand, Reserved"
m6id.2xlarge,ondemand,8,32.0,1 x 474 SSD,1.4346,1032.912,12394.944,hrs,"OnDemand, Reserved"
m6gd.8xlarge,ondemand,32,128.0,1 x 1900 NVMe SSD,1.4464,1041.408,12496.895999999999,hrs,"OnDemand, Reserved"
c7gd.8xlarge,ondemand,32,64.0,1 x 1900 NVMe SSD,1.4515,1045.08,12540.96,hrs,"OnDemand, Reserved"
im4gn.4xlarge,ondemand,16,64.0,1 x 7500 SSD,1.45517,1047.7224,12572.668800000001,hrs,"OnDemand, Reserved"
r5.2xlarge,ondemand,8,64.0,EBS only,1.464,1054.08,12648.96,hrs,"OnDemand, Reserved"
r7a.4xlarge,ondemand,16,128.0,EBS only,1.4876,1071.0720000000001,12852.864000000001,hrs,"OnDemand, Reserved"
m5dn.2xlarge,ondemand,8,32.0,1 x 300 NVMe SSD,1.504,1082.88,12994.560000000001,hrs,"OnDemand, Reserved"
c5.9xlarge,ondemand,36,72.0,EBS only,1.53,1101.6,13219.199999999999,hrs,"OnDemand, Reserved"
m6i.8xlarge,ondemand,32,128.0,EBS only,1.536,1105.92,13271.04,hrs,"OnDemand, Reserved"
m5.8xlarge,ondemand,32,128.0,EBS only,1.536,1105.92,13271.04,hrs,"OnDemand, Reserved"
r5b.2xlarge,ondemand,8,64.0,EBS only,1.556,1120.32,13443.84,hrs,"OnDemand, Reserved"
r6id.2xlarge,ondemand,8,64.0,1 x 474 SSD,1.5648,1126.656,13519.872,hrs,"OnDemand, Reserved"
i3.2xlarge,ondemand,8,61.0,1 x 1900 NVMe SSD,1.584,1140.48,13685.76,hrs,"OnDemand, Reserved"
r3.4xlarge,ondemand,16,122.0,1 x 320 SSD,1.598,1150.5600000000002,13806.720000000001,hrs,"OnDemand, Reserved"
r6g.8xlarge,ondemand,32,256.0,EBS only,1.6128,1161.216,13934.591999999999,hrs,"OnDemand, Reserved"
g5.4xlarge,ondemand,16,64.0,1 x 600 GB NVMe SSD,1.624,1169.28,14031.36,hrs,"OnDemand, Reserved"
c6g.12xlarge,ondemand,48,96.0,EBS only,1.632,1175.04,14100.48,hrs,"OnDemand, Reserved"
t3a.xlarge,ondemand,4,16.0,EBS only,1.6504,1188.288,14259.456,hrs,"OnDemand, Reserved"
c6a.xlarge,ondemand,4,8.0,EBS only,1.653,1190.16,14281.920000000002,hrs,"OnDemand, Reserved"
c5a.xlarge,ondemand,4,8.0,EBS only,1.654,1190.8799999999999,14290.559999999998,hrs,"OnDemand, Reserved"
x2iedn.2xlarge,ondemand,8,256.0,1 x 237 NVMe SSD,1.66725,1200.4199999999998,14405.039999999997,hrs,"OnDemand, Reserved"
m5a.xlarge,ondemand,4,16.0,EBS only,1.672,1203.84,14446.079999999998,hrs,"OnDemand, Reserved"
c5ad.xlarge,ondemand,4,8.0,1 x 150 NVMe SSD,1.672,1203.84,14446.079999999998,hrs,"OnDemand, Reserved"
c7i.xlarge,ondemand,4,8.0,EBS only,1.6785,1208.52,14502.24,hrs,"OnDemand, Reserved"
m7i-flex.xlarge,ondemand,4,16.0,EBS only,1.69152,1217.8944,14614.732799999998,hrs,"OnDemand, Reserved"
c6id.xlarge,ondemand,4,8.0,1 x 237 NVMe SSD,1.7016,1225.152,14701.824,hrs,"OnDemand, Reserved"
m7gd.8xlarge,ondemand,32,128.0,1 x 1900 NVMe SSD,1.7086,1230.192,14762.304,hrs,"OnDemand, Reserved"
r7g.8xlarge,ondemand,32,256.0,EBS only,1.7136,1233.792,14805.503999999999,hrs,"OnDemand, Reserved"
r5a.xlarge,ondemand,4,32.0,EBS only,1.726,1242.72,14912.64,hrs,"OnDemand, Reserved"
m5d.xlarge,ondemand,4,16.0,1 x 150 NVMe SSD,1.726,1242.72,14912.64,hrs,"OnDemand, Reserved"
g4ad.8xlarge,ondemand,32,128.0,1200 GB NVMe SSD,1.734,1248.48,14981.76,hrs,"OnDemand, Reserved"
c7g.12xlarge,ondemand,48,96.0,EBS only,1.7342,1248.624,14983.488000000001,hrs,"OnDemand, Reserved"
r5ad.xlarge,ondemand,4,32.0,1 x 150 NVMe SSD,1.762,1268.64,15223.68,hrs,"OnDemand, Reserved"
r4.xlarge,ondemand,4,30.5,EBS only,1.766,1271.52,15258.24,hrs,"OnDemand, Reserved"
r5b.xlarge,ondemand,4,32.0,EBS only,1.798,1294.56,15534.72,hrs,"OnDemand, Reserved"
c6in.8xlarge,ondemand,32,64.0,EBS only,1.8144,1306.368,15676.416,hrs,"OnDemand, Reserved"
m6idn.xlarge,ondemand,4,16.0,1 x 237 SSD,1.81824,1309.1328,15709.5936,hrs,"OnDemand, Reserved"
r6idn.4xlarge,ondemand,16,128.0,1 x 950 SSD,1.83352,1320.1344,15841.612799999999,hrs,"OnDemand, Reserved"
c6a.12xlarge,ondemand,48,96.0,EBS only,1.836,1321.92,15863.04,hrs,"OnDemand, Reserved"
i4i.xlarge,ondemand,4,32.0,1 x 937 NVMe SSD,1.843,1326.96,15923.52,hrs,"OnDemand, Reserved"
r6gd.8xlarge,ondemand,32,256.0,1 x 1900 NVMe SSD,1.8432,1327.104,15925.248,hrs,"OnDemand, Reserved"
c6gd.12xlarge,ondemand,48,96.0,2 x 1425 NVMe SSD,1.8432,1327.104,15925.248,hrs,"OnDemand, Reserved"
m6g.12xlarge,ondemand,48,192.0,EBS only,1.848,1330.5600000000002,15966.720000000001,hrs,"OnDemand, Reserved"
z1d.xlarge,ondemand,4,32.0,1 x 150 NVMe SSD,1.872,1347.8400000000001,16174.080000000002,hrs,"OnDemand, Reserved"
c6i.8xlarge,ondemand,32,64.0,EBS only,1.9008,1368.576,16422.912,hrs,"OnDemand, Reserved"
m5a.8xlarge,ondemand,32,128.0,EBS only,1.917,1380.24,16562.88,hrs,"OnDemand, Reserved"
m6a.8xlarge,ondemand,32,128.0,EBS only,1.9232,1384.704,16616.448,hrs,"OnDemand, Reserved"
m7g.12xlarge,ondemand,48,192.0,EBS only,1.9584,1410.048,16920.576,hrs,"OnDemand, Reserved"
inf2.8xlarge,ondemand,32,128.0,EBS only,1.96786,1416.8591999999999,17002.3104,hrs,"OnDemand, Reserved"
c7i.8xlarge,ondemand,32,64.0,EBS only,1.9688,1417.536,17010.432,hrs,"OnDemand, Reserved"
c7gn.8xlarge,ondemand,32,64.0,EBS only,1.9968,1437.696,17252.352,hrs,"OnDemand, Reserved"
d3.xlarge,ondemand,4,32.0,3 x 2000 HDD,1.999,1439.28,17271.36,hrs,"OnDemand, Reserved"
r6i.8xlarge,ondemand,32,256.0,EBS only,2.016,1451.52,17418.239999999998,hrs,"OnDemand, Reserved"
c5.12xlarge,ondemand,48,96.0,EBS only,2.04,1468.8,17625.6,hrs,"OnDemand, Reserved"
c6gn.12xlarge,ondemand,48,96.0,EBS only,2.0736,1492.992,17915.904,hrs,"OnDemand, Reserved"
r7i.8xlarge,ondemand,32,256.0,EBS only,2.1168,1524.096,18289.152000000002,hrs,"OnDemand, Reserved"
c7i.12xlarge,ondemand,48,96.0,EBS only,2.142,1542.24,18506.88,hrs,"OnDemand, Reserved"
m7i.8xlarge,ondemand,32,128.0,EBS only,2.1536,1550.5919999999999,18607.104,hrs,"OnDemand, Reserved"
m6gd.12xlarge,ondemand,48,192.0,2 x 1425 NVMe SSD,2.1696,1562.112,18745.344,hrs,"OnDemand, Reserved"
c6g.metal,ondemand,64,128.0,EBS only,2.176,1566.72,18800.64,hrs,"OnDemand, Reserved"
g4dn.8xlarge,ondemand,32,128.0,900 GB NVMe SSD,2.176,1566.72,18800.64,hrs,"OnDemand, Reserved"
c6g.16xlarge,ondemand,64,128.0,EBS only,2.176,1566.72,18800.64,hrs,"OnDemand, Reserved"
c7gd.12xlarge,ondemand,48,96.0,2 x 1425 NVMe SSD,2.1773,1567.656,18811.872,hrs,"OnDemand, Reserved"
r7gd.8xlarge,ondemand,32,256.0,1 x 1900 NVMe SSD,2.1773,1567.656,18811.872,hrs,"OnDemand, Reserved"
m5ad.8xlarge,ondemand,32,128.0,2 x 600 NVMe SSD,2.189,1576.08,18912.96,hrs,"OnDemand, Reserved"
m6in.8xlarge,ondemand,32,128.0,EBS only,2.22768,1603.9296,19247.1552,hrs,"OnDemand, Reserved"
g3.8xlarge,ondemand,32,244.0,EBS only,2.28,1641.6,19699.199999999997,hrs,"OnDemand, Reserved"
m5.12xlarge,ondemand,48,192.0,EBS only,2.304,1658.8799999999999,19906.559999999998,hrs,"OnDemand, Reserved"
is4gen.4xlarge,ondemand,16,96.0,2 x 7500 SSD,2.3052,1659.7440000000001,19916.928,hrs,"OnDemand, Reserved"
c7g.16xlarge,ondemand,64,128.0,EBS only,2.3123,1664.856,19978.272,hrs,"OnDemand, Reserved"
c7g.metal,ondemand,64,128.0,EBS only,2.3123,1664.856,19978.272,hrs,"OnDemand, Reserved"
x2iedn.xlarge,ondemand,4,128.0,1 x 118 NVMe SSD,2.33363,1680.2135999999998,20162.563199999997,hrs,"OnDemand, Reserved"
r5b.8xlarge,ondemand,32,256.0,EBS only,2.384,1716.48,20597.760000000002,hrs,"OnDemand, Reserved"
r6g.12xlarge,ondemand,48,384.0,EBS only,2.4192,1741.824,20901.888,hrs,"OnDemand, Reserved"
m5zn.3xlarge,ondemand,12,48.0,EBS only,2.431,1750.32,21003.84,hrs,"OnDemand, Reserved"
m5n.8xlarge,ondemand,32,128.0,EBS only,2.445,1760.3999999999999,21124.8,hrs,"OnDemand, Reserved"
g5.8xlarge,ondemand,32,128.0,1 x 900 GB NVMe SSD,2.448,1762.56,21150.72,hrs,"OnDemand, Reserved"
c6gd.metal,ondemand,64,128.0,2 x 1900 NVMe SSD,2.4576,1769.4719999999998,21233.663999999997,hrs,"OnDemand, Reserved"
c6gd.16xlarge,ondemand,64,128.0,2 x 1900 NVMe SSD,2.4576,1769.4719999999998,21233.663999999997,hrs,"OnDemand, Reserved"
m6g.16xlarge,ondemand,64,256.0,EBS only,2.464,1774.08,21288.96,hrs,"OnDemand, Reserved"
m6g.metal,ondemand,64,256.0,EBS only,2.464,1774.08,21288.96,hrs,"OnDemand, Reserved"
i4g.8xlarge,ondemand,32,256.0,2 x 3750 SSD,2.47104,1779.1488,21349.7856,hrs,"OnDemand, Reserved"
m7gd.12xlarge,ondemand,48,192.0,2 x 1425 NVMe SSD,2.5628,1845.2160000000001,22142.592,hrs,"OnDemand, Reserved"
r7g.12xlarge,ondemand,48,384.0,EBS only,2.5704,1850.6879999999999,22208.255999999998,hrs,"OnDemand, Reserved"
c5ad.4xlarge,ondemand,16,32.0,2 x 300 NVMe SSD,2.608,1877.76,22533.12,hrs,"OnDemand, Reserved"
m7g.16xlarge,ondemand,64,256.0,EBS only,2.6112,1880.064,22560.768,hrs,"OnDemand, Reserved"
m7g.metal,ondemand,64,256.0,EBS only,2.6112,1880.064,22560.768,hrs,"OnDemand, Reserved"
r5ad.8xlarge,ondemand,32,256.0,2 x 600 NVMe SSD,2.637,1898.64,22783.68,hrs,"OnDemand, Reserved"
r3.8xlarge,ondemand,32,244.0,2 x 320 SSD,2.656,1912.3200000000002,22947.840000000004,hrs,"OnDemand, Reserved"
i2.2xlarge,ondemand,8,61.0,2 x 800 SSD,2.666,1919.52,23034.239999999998,hrs,"OnDemand, Reserved"
x2gd.8xlarge,ondemand,32,512.0,1 x 1900 SSD,2.672,1923.8400000000001,23086.08,hrs,"OnDemand, Reserved"
m7i-flex.4xlarge,ondemand,16,64.0,EBS only,2.68608,1933.9776,23207.7312,hrs,"OnDemand, Reserved"
m5dn.8xlarge,ondemand,32,128.0,2 x 600 NVMe SSD,2.717,1956.24,23474.88,hrs,"OnDemand, Reserved"
c6id.4xlarge,ondemand,16,32.0,1 x 950 NVMe SSD,2.7264,1963.008,23556.096,hrs,"OnDemand, Reserved"
c6gn.16xlarge,ondemand,64,128.0,EBS only,2.7648,1990.6560000000002,23887.872000000003,hrs,"OnDemand, Reserved"
m6a.16xlarge,ondemand,64,256.0,EBS only,2.7648,1990.6560000000002,23887.872000000003,hrs,"OnDemand, Reserved"
r6gd.12xlarge,ondemand,48,384.0,2 x 1425 NVMe SSD,2.7648,1990.6560000000002,23887.872000000003,hrs,"OnDemand, Reserved"
r6in.8xlarge,ondemand,32,256.0,EBS only,2.78928,2008.2816000000003,24099.379200000003,hrs,"OnDemand, Reserved"
i3en.3xlarge,ondemand,12,96.0,1 x 7500 NVMe SSD,2.796,2013.12,24157.44,hrs,"OnDemand, Reserved"
m5d.4xlarge,ondemand,16,64.0,2 x 300 NVMe SSD,2.824,2033.28,24399.36,hrs,"OnDemand, Reserved"
r6a.4xlarge,ondemand,16,128.0,EBS only,2.8272,2035.584,24427.008,hrs,"OnDemand, Reserved"
c6i.12xlarge,ondemand,48,96.0,EBS only,2.8512,2052.864,24634.368000000002,hrs,"OnDemand, Reserved"
h1.4xlarge,ondemand,16,64.0,2 x 2000 HDD,2.856,2056.3199999999997,24675.839999999997,hrs,"OnDemand, Reserved"
m6id.4xlarge,ondemand,16,64.0,1 x 950 NVMe SSD,2.8692,2065.824,24789.888,hrs,"OnDemand, Reserved"
m5n.4xlarge,ondemand,16,64.0,EBS only,2.872,2067.84,24814.08,hrs,"OnDemand, Reserved"
hpc6a.48xlarge,ondemand,96,384.0,EBS only,2.88,2073.6,24883.199999999997,hrs,"OnDemand, Reserved"
m6a.12xlarge,ondemand,48,192.0,EBS only,2.8848,2077.056,24924.672,hrs,"OnDemand, Reserved"
m6gd.16xlarge,ondemand,64,256.0,2 x 1900 NVMe SSD,2.8928,2082.816,24993.791999999998,hrs,"OnDemand, Reserved"
m6gd.metal,ondemand,64,256.0,2 x 1900 NVMe SSD,2.8928,2082.816,24993.791999999998,hrs,"OnDemand, Reserved"
c7gd.16xlarge,ondemand,64,128.0,2 x 1900 NVMe SSD,2.903,2090.16,25081.92,hrs,"OnDemand, Reserved"
im4gn.8xlarge,ondemand,32,128.0,2 x 7500 SSD,2.91034,2095.4448,25145.337600000003,hrs,"OnDemand, Reserved"
r5n.8xlarge,ondemand,32,256.0,EBS only,2.925,2106.0,25272.0,hrs,"OnDemand, Reserved"
r5.4xlarge,ondemand,16,128.0,EBS only,2.928,2108.16,25297.92,hrs,"OnDemand, Reserved"
c7gn.12xlarge,ondemand,48,96.0,EBS only,2.9952,2156.544,25878.528,hrs,"OnDemand, Reserved"
r6i.12xlarge,ondemand,48,384.0,EBS only,3.024,2177.28,26127.36,hrs,"OnDemand, Reserved"
m6in.4xlarge,ondemand,16,64.0,EBS only,3.03384,2184.3648000000003,26212.377600000003,hrs,"OnDemand, Reserved"
p3.2xlarge,ondemand,8,61.0,EBS only,3.06,2203.2,26438.399999999998,hrs,"OnDemand, Reserved"
m6i.16xlarge,ondemand,64,256.0,EBS only,3.072,2211.84,26542.08,hrs,"OnDemand, Reserved"
r5d.4xlarge,ondemand,16,128.0,2 x 300 NVMe SSD,3.072,2211.84,26542.08,hrs,"OnDemand, Reserved"
r5b.4xlarge,ondemand,16,128.0,EBS only,3.112,2240.64,26887.68,hrs,"OnDemand, Reserved"
m6i.12xlarge,ondemand,48,192.0,EBS only,3.1152,2242.944,26915.328,hrs,"OnDemand, Reserved"
r6id.4xlarge,ondemand,16,128.0,1 x 950 NVMe SSD,3.1296,2253.312,27039.744,hrs,"OnDemand, Reserved"
i3.4xlarge,ondemand,16,122.0,2 x 1900 NVMe SSD,3.168,2280.96,27371.52,hrs,"OnDemand, Reserved"
m6idn.4xlarge,ondemand,16,64.0,1 x 950 SSD,3.19296,2298.9312,27587.1744,hrs,"OnDemand, Reserved"
m4.16xlarge,ondemand,64,256.0,EBS only,3.2,2304.0,27648.0,hrs,"OnDemand, Reserved"
r6g.16xlarge,ondemand,64,512.0,EBS only,3.2256,2322.432,27869.183999999997,hrs,"OnDemand, Reserved"
r6g.metal,ondemand,64,512.0,EBS only,3.2256,2322.432,27869.183999999997,hrs,"OnDemand, Reserved"
r7gd.12xlarge,ondemand,48,384.0,2 x 1425 NVMe SSD,3.2659,2351.448,28217.375999999997,hrs,"OnDemand, Reserved"
m5ad.16xlarge,ondemand,64,256.0,4 x 600 NVMe SSD,3.296,2373.12,28477.44,hrs,"OnDemand, Reserved"
t3a.2xlarge,ondemand,8,32.0,EBS only,3.3008,2376.576,28518.912,hrs,"OnDemand, Reserved"
x2iedn.4xlarge,ondemand,16,512.0,1 x 475 NVMe SSD,3.3345,2400.8399999999997,28810.079999999994,hrs,"OnDemand, Reserved"
x1e.4xlarge,ondemand,16,488.0,1 x 480 SSD,3.336,2401.92,28823.04,hrs,"OnDemand, Reserved"
m5a.2xlarge,ondemand,8,32.0,EBS only,3.344,2407.68,28892.159999999996,hrs,"OnDemand, Reserved"
t2.2xlarge,ondemand,8,32.0,EBS only,3.3712,2427.264,29127.168,hrs,"OnDemand, Reserved"
c4.2xlarge,ondemand,8,15.0,EBS only,3.4,2448.0,29376.0,hrs,"OnDemand, Reserved"
c7a.2xlarge,ondemand,8,16.0,EBS only,3.41056,2455.6032,29467.238400000002,hrs,"OnDemand, Reserved"
m7gd.16xlarge,ondemand,64,256.0,2 x 1900 NVMe SSD,3.4171,2460.312,29523.744,hrs,"OnDemand, Reserved"
r7g.16xlarge,ondemand,64,512.0,EBS only,3.4272,2467.584,29611.007999999998,hrs,"OnDemand, Reserved"
r7g.metal,ondemand,64,512.0,EBS only,3.4272,2467.584,29611.007999999998,hrs,"OnDemand, Reserved"
c5n.2xlarge,ondemand,8,21.0,EBS only,3.432,2471.04,29652.48,hrs,"OnDemand, Reserved"
r5a.2xlarge,ondemand,8,64.0,EBS only,3.452,2485.44,29825.28,hrs,"OnDemand, Reserved"
r6a.2xlarge,ondemand,8,64.0,EBS only,3.4536,2486.5919999999996,29839.103999999996,hrs,"OnDemand, Reserved"
h1.2xlarge,ondemand,8,32.0,1 x 2000 HDD,3.468,2496.96,29963.52,hrs,"OnDemand, Reserved"
g4ad.16xlarge,ondemand,64,256.0,2400 GB NVMe SSD,3.468,2496.96,29963.52,hrs,"OnDemand, Reserved"
r5a.12xlarge,ondemand,48,384.0,EBS only,3.523,2536.56,30438.72,hrs,"OnDemand, Reserved"
m6in.2xlarge,ondemand,8,32.0,EBS only,3.55692,2560.9824,30731.7888,hrs,"OnDemand, Reserved"
r3.2xlarge,ondemand,8,61.0,1 x 160 SSD,3.664,2638.08,31656.96,hrs,"OnDemand, Reserved"
r6idn.8xlarge,ondemand,32,256.0,1 x 1900 SSD,3.66704,2640.2688,31683.225599999998,hrs,"OnDemand, Reserved"
r6gd.metal,ondemand,64,512.0,2 x 1900 NVMe SSD,3.6864,2654.208,31850.496,hrs,"OnDemand, Reserved"
r6gd.16xlarge,ondemand,64,512.0,2 x 1900 NVMe SSD,3.6864,2654.208,31850.496,hrs,"OnDemand, Reserved"
h1.16xlarge,ondemand,64,256.0,8 x 2000 HDD,3.744,2695.6800000000003,32348.160000000003,hrs,"OnDemand, Reserved"
c6i.16xlarge,ondemand,64,128.0,EBS only,3.8016,2737.152,32845.824,hrs,"OnDemand, Reserved"
m5a.16xlarge,ondemand,64,256.0,EBS only,3.834,2760.48,33125.76,hrs,"OnDemand, Reserved"
r5.12xlarge,ondemand,48,384.0,EBS only,3.835,2761.2,33134.399999999994,hrs,"OnDemand, Reserved"
c5n.metal,ondemand,72,192.0,EBS only,3.888,2799.36,33592.32,hrs,"OnDemand, Reserved"
c5n.18xlarge,ondemand,72,192.0,EBS only,3.888,2799.36,33592.32,hrs,"OnDemand, Reserved"
i3en.2xlarge,ondemand,8,64.0,2 x 2500 NVMe SSD,3.904,2810.88,33730.56,hrs,"OnDemand, Reserved"
g4dn.12xlarge,ondemand,48,192.0,900 GB NVMe SSD,3.912,2816.64,33799.68,hrs,"OnDemand, Reserved"
r5ad.12xlarge,ondemand,48,384.0,2 x 900 NVMe SSD,3.955,2847.6,34171.2,hrs,"OnDemand, Reserved"
c7gn.16xlarge,ondemand,64,128.0,EBS only,3.9936,2875.392,34504.704,hrs,"OnDemand, Reserved"
x2gd.12xlarge,ondemand,48,768.0,2 x 1425 SSD,4.008,2885.76,34629.12,hrs,"OnDemand, Reserved"
c6i.24xlarge,ondemand,96,192.0,EBS only,4.08,2937.6,35251.2,hrs,"OnDemand, Reserved"
g5.16xlarge,ondemand,64,256.0,1 x 1900 GB NVMe SSD,4.096,2949.12,35389.44,hrs,"OnDemand, Reserved"
m5a.24xlarge,ondemand,96,384.0,EBS only,4.128,2972.16,35665.92,hrs,"OnDemand, Reserved"
m6in.12xlarge,ondemand,48,192.0,EBS only,4.15272,2989.9584000000004,35879.50080000001,hrs,"OnDemand, Reserved"
r5ad.16xlarge,ondemand,64,512.0,4 x 600 NVMe SSD,4.192,3018.2400000000002,36218.880000000005,hrs,"OnDemand, Reserved"
r7i.16xlarge,ondemand,64,512.0,EBS only,4.2336,3048.192,36578.304000000004,hrs,"OnDemand, Reserved"
m7i.16xlarge,ondemand,64,256.0,EBS only,4.3072,3101.1839999999997,37214.208,hrs,"OnDemand, Reserved"
g4dn.16xlarge,ondemand,64,256.0,900 GB NVMe SSD,4.352,3133.44,37601.28,hrs,"OnDemand, Reserved"
r7gd.16xlarge,ondemand,64,512.0,2 x 1900 NVMe SSD,4.3546,3135.312,37623.744,hrs,"OnDemand, Reserved"
z1d.metal,ondemand,48,384.0,2 x 900 NVMe SSD,4.464,3214.0800000000004,38568.96000000001,hrs,"OnDemand, Reserved"
z1d.12xlarge,ondemand,48,384.0,2 x 900 NVMe SSD,4.464,3214.0800000000004,38568.96000000001,hrs,"OnDemand, Reserved"
g3.16xlarge,ondemand,64,488.0,EBS only,4.56,3283.2,39398.399999999994,hrs,"OnDemand, Reserved"
is4gen.8xlarge,ondemand,32,192.0,4 x 7500 SSD,4.6104,3319.4880000000003,39833.856,hrs,"OnDemand, Reserved"
x1e.2xlarge,ondemand,8,244.0,1 x 240 SSD,4.668,3360.96,40331.520000000004,hrs,"OnDemand, Reserved"
r6a.16xlarge,ondemand,64,512.0,EBS only,4.7104,3391.488,40697.856,hrs,"OnDemand, Reserved"
inf1.24xlarge,ondemand,96,192.0,EBS only,4.721,3399.12,40789.44,hrs,"OnDemand, Reserved"
r5b.16xlarge,ondemand,64,512.0,EBS only,4.768,3432.96,41195.520000000004,hrs,"OnDemand, Reserved"
m5zn.12xlarge,ondemand,48,192.0,EBS only,4.7753,3438.216,41258.592,hrs,"OnDemand, Reserved"
m7a.16xlarge,ondemand,64,256.0,EBS only,4.79104,3449.5488,41394.5856,hrs,"OnDemand, Reserved"
r5dn.12xlarge,ondemand,48,384.0,2 x 900 GB NVMe SSD,4.819,3469.68,41636.159999999996,hrs,"OnDemand, Reserved"
m7i.metal-24xl,ondemand,96,384.0,EBS only,4.8384,3483.648,41803.776,hrs,"OnDemand, Reserved"
m7i.24xlarge,ondemand,96,384.0,EBS only,4.8384,3483.648,41803.776,hrs,"OnDemand, Reserved"
r6id.16xlarge,ondemand,64,512.0,2 x 1900 NVMe SSD,4.8384,3483.648,41803.776,hrs,"OnDemand, Reserved"
m5zn.6xlarge,ondemand,24,96.0,EBS only,4.862,3500.64,42007.68,hrs,"OnDemand, Reserved"
m6id.16xlarge,ondemand,64,256.0,2 x 1900 NVMe SSD,4.8784,3512.448,42149.376,hrs,"OnDemand, Reserved"
m5n.16xlarge,ondemand,64,256.0,EBS only,4.89,3520.7999999999997,42249.6,hrs,"OnDemand, Reserved"
i4g.16xlarge,ondemand,64,512.0,4 x 3750 SSD,4.94208,3558.2976,42699.5712,hrs,"OnDemand, Reserved"
m5ad.24xlarge,ondemand,96,384.0,4 x 900 NVMe SSD,4.944,3559.68,42716.159999999996,hrs,"OnDemand, Reserved"
r6in.12xlarge,ondemand,48,384.0,EBS only,4.99512,3596.4864,43157.8368,hrs,"OnDemand, Reserved"
c6a.8xlarge,ondemand,32,64.0,EBS only,5.064,3646.08,43752.96,hrs,"OnDemand, Reserved"
z1d.6xlarge,ondemand,24,192.0,1 x 900 NVMe SSD,5.112,3680.64,44167.68,hrs,"OnDemand, Reserved"
r5.16xlarge,ondemand,64,512.0,EBS only,5.114,3682.08,44184.96,hrs,"OnDemand, Reserved"
c5ad.8xlarge,ondemand,32,64.0,2 x 600 NVMe SSD,5.216,3755.52,45066.24,hrs,"OnDemand, Reserved"
i2.4xlarge,ondemand,16,122.0,4 x 800 SSD,5.332,3839.04,46068.479999999996,hrs,"OnDemand, Reserved"
r4.16xlarge,ondemand,64,488.0,EBS only,5.3376,3843.072,46116.864,hrs,"OnDemand, Reserved"
x2gd.metal,ondemand,64,1024.0,2 x 1900 SSD,5.344,3847.6800000000003,46172.16,hrs,"OnDemand, Reserved"
x2gd.16xlarge,ondemand,64,1024.0,2 x 1900 SSD,5.344,3847.6800000000003,46172.16,hrs,"OnDemand, Reserved"
m7i-flex.8xlarge,ondemand,32,128.0,EBS only,5.37216,3867.9552,46415.4624,hrs,"OnDemand, Reserved"
m5d.metal,ondemand,96,384.0,4 x 900 NVMe SSD,5.424,3905.28,46863.36,hrs,"OnDemand, Reserved"
m5dn.16xlarge,ondemand,64,256.0,4 x 600 NVMe SSD,5.434,3912.48,46949.76,hrs,"OnDemand, Reserved"
c6i.metal,ondemand,128,256.0,EBS only,5.44,3916.8,47001.600000000006,hrs,"OnDemand, Reserved"
c6in.24xlarge,ondemand,96,192.0,EBS only,5.4432,3919.104,47029.248,hrs,"OnDemand, Reserved"
c7a.8xlarge,ondemand,32,64.0,EBS only,5.48224,3947.2128,47366.5536,hrs,"OnDemand, Reserved"
d2.8xlarge,ondemand,36,244.0,24 x 2000 HDD,5.52,3974.3999999999996,47692.799999999996,hrs,"OnDemand, Reserved"
m6a.32xlarge,ondemand,128,512.0,EBS only,5.5296,3981.3120000000004,47775.744000000006,hrs,"OnDemand, Reserved"
z1d.3xlarge,ondemand,12,96.0,1 x 450 NVMe SSD,5.616,4043.5199999999995,48522.23999999999,hrs,"OnDemand, Reserved"
r5a.8xlarge,ondemand,32,256.0,EBS only,5.648,4066.56,48798.72,hrs,"OnDemand, Reserved"
g5.12xlarge,ondemand,48,192.0,1 x 3800 GB NVMe SSD,5.672,4083.8399999999997,49006.079999999994,hrs,"OnDemand, Reserved"
hpc6id.32xlarge,ondemand,64,1024.0,4 x 3800 NVMe SSD,5.7,4104.0,49248.0,hrs,"OnDemand, Reserved"
m5n.24xlarge,ondemand,96,384.0,EBS only,5.712,4112.639999999999,49351.67999999999,hrs,"OnDemand, Reserved"
h1.8xlarge,ondemand,32,128.0,4 x 2000 HDD,5.712,4112.639999999999,49351.67999999999,hrs,"OnDemand, Reserved"
m6id.8xlarge,ondemand,32,128.0,1 x 1900 NVMe SSD,5.7384,4131.648,49579.776,hrs,"OnDemand, Reserved"
im4gn.16xlarge,ondemand,64,256.0,4 x 7500 SSD,5.82067,4190.8823999999995,50290.5888,hrs,"OnDemand, Reserved"
r5.8xlarge,ondemand,32,256.0,EBS only,5.856,4216.32,50595.84,hrs,"OnDemand, Reserved"
c4.8xlarge,ondemand,36,60.0,EBS only,5.92,4262.4,51148.799999999996,hrs,"OnDemand, Reserved"
i3.16xlarge,ondemand,64,488.0,8 x 1900 NVMe SSD,6.074,4373.28,52479.36,hrs,"OnDemand, Reserved"
r5d.8xlarge,ondemand,32,256.0,2 x 600 NVMe SSD,6.144,4423.68,53084.16,hrs,"OnDemand, Reserved"
m6idn.16xlarge,ondemand,64,256.0,2 x 1900 SSD,6.17344,4444.8768,53338.5216,hrs,"OnDemand, Reserved"
c5d.metal,ondemand,96,192.0,4 x 900 NVMe SSD,6.23,4485.6,53827.200000000004,hrs,"OnDemand, Reserved"
m5.24xlarge,ondemand,96,384.0,EBS only,6.23,4485.6,53827.200000000004,hrs,"OnDemand, Reserved"
m5.metal,ondemand,96,384.0,EBS only,6.23,4485.6,53827.200000000004,hrs,"OnDemand, Reserved"
i3en.12xlarge,ondemand,48,384.0,4 x 7500 NVMe SSD,6.235,4489.2,53870.399999999994,hrs,"OnDemand, Reserved"
r6id.8xlarge,ondemand,32,256.0,1 x 1900 NVMe SSD,6.2592,4506.624,54079.488,hrs,"OnDemand, Reserved"
c5n.9xlarge,ondemand,36,96.0,EBS only,6.264,4510.08,54120.96,hrs,"OnDemand, Reserved"
r7i.metal-24xl,ondemand,96,768.0,EBS only,6.3504,4572.288,54867.45599999999,hrs,"OnDemand, Reserved"
r5dn.16xlarge,ondemand,64,512.0,4 x 600 NVMe SSD,6.426,4626.72,55520.64,hrs,"OnDemand, Reserved"
inf2.24xlarge,ondemand,96,384.0,EBS only,6.49063,4673.2536,56079.0432,hrs,"OnDemand, Reserved"
r5dn.8xlarge,ondemand,32,256.0,2 x 600 NVMe SSD,6.512,4688.639999999999,56263.67999999999,hrs,"OnDemand, Reserved"
m5dn.metal,ondemand,96,384.0,4 x 900 NVMe SSD,6.528,4700.16,56401.92,hrs,"OnDemand, Reserved"
m5dn.24xlarge,ondemand,96,384.0,4 x 900 NVMe SSD,6.528,4700.16,56401.92,hrs,"OnDemand, Reserved"
c7a.24xlarge,ondemand,96,192.0,EBS only,6.54912,4715.3664,56584.3968,hrs,"OnDemand, Reserved"
i4i.8xlarge,ondemand,32,256.0,2 x 3750 NVMe SSD,6.586,4741.92,56903.04,hrs,"OnDemand, Reserved"
r6in.16xlarge,ondemand,64,512.0,EBS only,6.66016,4795.3152,57543.7824,hrs,"OnDemand, Reserved"
x1.16xlarge,ondemand,64,976.0,1 x 1920 SSD,6.669,4801.679999999999,57620.15999999999,hrs,"OnDemand, Reserved"
c6i.4xlarge,ondemand,16,32.0,EBS only,6.68,4809.599999999999,57715.2,hrs,"OnDemand, Reserved"
m6a.4xlarge,ondemand,16,64.0,EBS only,6.6912,4817.664,57811.96799999999,hrs,"OnDemand, Reserved"
c7i.4xlarge,ondemand,16,32.0,EBS only,6.714,4834.08,58008.96,hrs,"OnDemand, Reserved"
m5.4xlarge,ondemand,16,64.0,EBS only,6.768,4872.96,58475.520000000004,hrs,"OnDemand, Reserved"
m7i.4xlarge,ondemand,16,64.0,EBS only,6.8064,4900.608,58807.296,hrs,"OnDemand, Reserved"
c7a.4xlarge,ondemand,16,32.0,EBS only,6.82112,4911.2064,58934.476800000004,hrs,"OnDemand, Reserved"
r5d.24xlarge,ondemand,96,768.0,4 x 900 NVMe SSD,6.912,4976.64,59719.68000000001,hrs,"OnDemand, Reserved"
m5d.24xlarge,ondemand,96,384.0,4 x 900 NVMe SSD,7.046,5073.12,60877.44,hrs,"OnDemand, Reserved"
r5n.metal,ondemand,96,768.0,EBS only,7.152,5149.4400000000005,61793.280000000006,hrs,"OnDemand, Reserved"
r5b.metal,ondemand,96,768.0,EBS only,7.152,5149.4400000000005,61793.280000000006,hrs,"OnDemand, Reserved"
p2.8xlarge,ondemand,32,488.0,EBS only,7.2,5184.0,62208.0,hrs,"OnDemand, Reserved"
hpc7a.48xlarge,ondemand,96,768.0,EBS only,7.2,5184.0,62208.0,hrs,"OnDemand, Reserved"
hpc7a.12xlarge,ondemand,24,768.0,EBS only,7.2,5184.0,62208.0,hrs,"OnDemand, Reserved"
hpc7a.24xlarge,ondemand,48,768.0,EBS only,7.2,5184.0,62208.0,hrs,"OnDemand, Reserved"
hpc7a.96xlarge,ondemand,192,768.0,EBS only,7.2,5184.0,62208.0,hrs,"OnDemand, Reserved"
x1e.8xlarge,ondemand,32,976.0,1 x 960 SSD,7.213,5193.36,62320.31999999999,hrs,"OnDemand, Reserved"
m6id.24xlarge,ondemand,96,384.0,4 x 1425 SSD,7.3176,5268.672,63224.064,hrs,"OnDemand, Reserved"
r6idn.16xlarge,ondemand,64,512.0,2 x 1900 SSD,7.33408,5280.5376,63366.451199999996,hrs,"OnDemand, Reserved"
i4i.4xlarge,ondemand,16,128.0,1 x 3750 NVMe SSD,7.373,5308.56,63702.72,hrs,"OnDemand, Reserved"
c6i.32xlarge,ondemand,128,256.0,EBS only,7.6032,5474.304,65691.648,hrs,"OnDemand, Reserved"
c5a.12xlarge,ondemand,48,96.0,EBS only,7.608,5477.759999999999,65733.12,hrs,"OnDemand, Reserved"
r5.metal,ondemand,96,768.0,EBS only,7.67,5522.4,66268.79999999999,hrs,"OnDemand, Reserved"
x2idn.16xlarge,ondemand,64,1024.0,1 x 1900 NVMe SSD,7.7506,5580.432000000001,66965.18400000001,hrs,"OnDemand, Reserved"
m5a.12xlarge,ondemand,48,192.0,EBS only,7.824,5633.28,67599.36,hrs,"OnDemand, Reserved"
g4dn.metal,ondemand,96,384.0,2 x 900 GB NVMe SSD,7.824,5633.28,67599.36,hrs,"OnDemand, Reserved"
d3.8xlarge,ondemand,32,256.0,24 x 2000 HDD,7.83552,5641.5743999999995,67698.8928,hrs,"OnDemand, Reserved"
r7i.24xlarge,ondemand,96,768.0,EBS only,7.9728,5740.416,68884.992,hrs,"OnDemand, Reserved"
d3.4xlarge,ondemand,16,128.0,12 x 2000 HDD,7.998,5758.56,69102.72,hrs,"OnDemand, Reserved"
r5dn.metal,ondemand,96,768.0,4 x 900 NVMe SSD,8.016,5771.52,69258.24,hrs,"OnDemand, Reserved"
r5dn.24xlarge,ondemand,96,768.0,4 x 900 NVMe SSD,8.016,5771.52,69258.24,hrs,"OnDemand, Reserved"
c5d.12xlarge,ondemand,48,96.0,2 x 900 NVMe SSD,8.064,5806.08,69672.95999999999,hrs,"OnDemand, Reserved"
r6i.32xlarge,ondemand,128,1024.0,EBS only,8.064,5806.08,69672.95999999999,hrs,"OnDemand, Reserved"
g5.24xlarge,ondemand,96,384.0,1 x 3800 GB NVMe SSD,8.144,5863.68,70364.16,hrs,"OnDemand, Reserved"
m6in.24xlarge,ondemand,96,384.0,EBS only,8.30544,5979.916800000001,71759.00160000002,hrs,"OnDemand, Reserved"
c6in.12xlarge,ondemand,48,96.0,EBS only,8.4816,6106.752,73281.024,hrs,"OnDemand, Reserved"
r6a.12xlarge,ondemand,48,384.0,EBS only,8.4816,6106.752,73281.024,hrs,"OnDemand, Reserved"
c7i.48xlarge,ondemand,192,384.0,EBS only,8.568,6168.96,74027.52,hrs,"OnDemand, Reserved"
m6id.12xlarge,ondemand,48,192.0,2 x 1425 NVMe SSD,8.6076,6197.472,74369.66399999999,hrs,"OnDemand, Reserved"
c6id.metal,ondemand,128,256.0,4 x 1900 NVMe SSD,8.6144,6202.3679999999995,74428.416,hrs,"OnDemand, Reserved"
c7a.32xlarge,ondemand,128,256.0,EBS only,8.73216,6287.1552,75445.8624,hrs,"OnDemand, Reserved"
d2.4xlarge,ondemand,16,122.0,12 x 2000 HDD,8.76,6307.2,75686.4,hrs,"OnDemand, Reserved"
r5b.24xlarge,ondemand,96,768.0,EBS only,8.7744,6317.568,75810.816,hrs,"OnDemand, Reserved"
m6idn.24xlarge,ondemand,96,384.0,4 x 1425 SSD,9.26016,6667.315200000001,80007.78240000001,hrs,"OnDemand, Reserved"
r5n.12xlarge,ondemand,48,384.0,EBS only,9.336,6721.92,80663.04000000001,hrs,"OnDemand, Reserved"
r5b.12xlarge,ondemand,48,384.0,EBS only,9.336,6721.92,80663.04000000001,hrs,"OnDemand, Reserved"
r7a.12xlarge,ondemand,48,384.0,EBS only,9.4116,6776.352,81316.224,hrs,"OnDemand, Reserved"
c6in.metal,ondemand,128,256.0,EBS only,9.4208,6782.976,81395.712,hrs,"OnDemand, Reserved"
c6in.32xlarge,ondemand,128,256.0,EBS only,9.4208,6782.976,81395.712,hrs,"OnDemand, Reserved"
m7a.32xlarge,ondemand,128,512.0,EBS only,9.58208,6899.0976,82789.1712,hrs,"OnDemand, Reserved"
m5zn.metal,ondemand,48,192.0,EBS only,9.7241,7001.352,84016.224,hrs,"OnDemand, Reserved"
r7a.32xlarge,ondemand,128,1024.0,EBS only,9.7376,7011.072,84132.864,hrs,"OnDemand, Reserved"
i4i.12xlarge,ondemand,48,384.0,3 x 3750 NVMe SSD,9.878,7112.16,85345.92,hrs,"OnDemand, Reserved"
r6in.24xlarge,ondemand,96,768.0,EBS only,9.99024,7192.9728,86315.6736,hrs,"OnDemand, Reserved"
c5a.16xlarge,ondemand,64,128.0,EBS only,10.144,7303.68,87644.16,hrs,"OnDemand, Reserved"
r6i.metal,ondemand,128,1024.0,EBS only,10.2272,7363.584,88363.008,hrs,"OnDemand, Reserved"
x2iedn.8xlarge,ondemand,32,1024.0,1 x 950 NVMe SSD,10.509,7566.4800000000005,90797.76000000001,hrs,"OnDemand, Reserved"
c6a.metal,ondemand,192,384.0,EBS only,10.5888,7623.936000000001,91487.232,hrs,"OnDemand, Reserved"
m5.16xlarge,ondemand,64,256.0,EBS only,10.752,7741.4400000000005,92897.28,hrs,"OnDemand, Reserved"
i3en.24xlarge,ondemand,96,768.0,8 x 7500 NVMe SSD,10.848,7810.56,93726.72,hrs,"OnDemand, Reserved"
r6a.48xlarge,ondemand,192,1536.0,EBS only,10.8864,7838.208,94058.496,hrs,"OnDemand, Reserved"
c6id.16xlarge,ondemand,64,128.0,2 x 1900 NVMe SSD,10.9056,7852.032,94224.384,hrs,"OnDemand, Reserved"
c7a.16xlarge,ondemand,64,128.0,EBS only,10.96448,7894.4256,94733.1072,hrs,"OnDemand, Reserved"
i4i.32xlarge,ondemand,128,1024.0,8 x 3750 SSD,10.9824,7907.328,94887.936,hrs,"OnDemand, Reserved"
m7a.metal-48xl,ondemand,192,768.0,EBS only,11.12832,8012.3904,96148.6848,hrs,"OnDemand, Reserved"
r5a.16xlarge,ondemand,64,512.0,EBS only,11.296,8133.12,97597.44,hrs,"OnDemand, Reserved"
m5d.16xlarge,ondemand,64,256.0,4 x 600 NVMe SSD,11.296,8133.12,97597.44,hrs,"OnDemand, Reserved"
x2idn.24xlarge,ondemand,96,1536.0,2 x 1425 NVMe SSD,11.6259,8370.648,100447.77599999998,hrs,"OnDemand, Reserved"
i3en.6xlarge,ondemand,24,192.0,2 x 7500 NVMe SSD,11.712,8432.64,101191.68,hrs,"OnDemand, Reserved"
r6i.16xlarge,ondemand,64,512.0,EBS only,11.712,8432.64,101191.68,hrs,"OnDemand, Reserved"
c5d.18xlarge,ondemand,72,144.0,2 x 900 NVMe SSD,12.096,8709.12,104509.44,hrs,"OnDemand, Reserved"
p3.8xlarge,ondemand,32,244.0,EBS only,12.24,8812.8,105753.59999999999,hrs,"OnDemand, Reserved"
r5d.16xlarge,ondemand,64,512.0,4 x 600 NVMe SSD,12.288,8847.36,106168.32,hrs,"OnDemand, Reserved"
r6idn.32xlarge,ondemand,128,1024.0,4 x 1900 SSD,12.50496,9003.5712,108042.85440000001,hrs,"OnDemand, Reserved"
i3.metal,ondemand,72,512.0,8 x 1900 NVMe SSD,12.672,9123.84,109486.08,hrs,"OnDemand, Reserved"
inf2.48xlarge,ondemand,192,768.0,EBS only,12.98127,9346.5144,112158.1728,hrs,"OnDemand, Reserved"
c7a.metal-48xl,ondemand,192,384.0,EBS only,13.09824,9430.7328,113168.7936,hrs,"OnDemand, Reserved"
i4i.16xlarge,ondemand,64,512.0,4 x 3750 NVMe SSD,13.171,9483.119999999999,113797.43999999999,hrs,"OnDemand, Reserved"
r6in.32xlarge,ondemand,128,1024.0,EBS only,13.32032,9590.6304,115087.5648,hrs,"OnDemand, Reserved"
r6in.metal,ondemand,128,1024.0,EBS only,13.32032,9590.6304,115087.5648,hrs,"OnDemand, Reserved"
x1.32xlarge,ondemand,128,1952.0,2 x 1920 SSD,13.338,9603.359999999999,115240.31999999998,hrs,"OnDemand, Reserved"
x2idn.metal,ondemand,128,2048.0,2 x 1900 NVMe SSD,13.338,9603.359999999999,115240.31999999998,hrs,"OnDemand, Reserved"
c6id.8xlarge,ondemand,32,64.0,1 x 1900 NVMe SSD,13.6128,9801.216,117614.592,hrs,"OnDemand, Reserved"
m5d.8xlarge,ondemand,32,128.0,2 x 600 NVMe SSD,13.808,9941.76,119301.12,hrs,"OnDemand, Reserved"
r6a.8xlarge,ondemand,32,256.0,EBS only,13.8144,9946.367999999999,119356.41599999998,hrs,"OnDemand, Reserved"
m7a.8xlarge,ondemand,32,128.0,EBS only,13.85472,9975.3984,119704.78080000001,hrs,"OnDemand, Reserved"
r4.8xlarge,ondemand,32,244.0,EBS only,14.128,10172.16,122065.92,hrs,"OnDemand, Reserved"
m7a.48xlarge,ondemand,192,768.0,EBS only,14.37312,10348.6464,124183.7568,hrs,"OnDemand, Reserved"
p2.16xlarge,ondemand,64,732.0,EBS only,14.4,10368.0,124416.0,hrs,"OnDemand, Reserved"
x2iedn.16xlarge,ondemand,64,2048.0,1 x 1900 NVMe SSD,14.4196,10382.112000000001,124585.34400000001,hrs,"OnDemand, Reserved"
r7a.8xlarge,ondemand,32,256.0,EBS only,14.4344,10392.768,124713.216,hrs,"OnDemand, Reserved"
i3.8xlarge,ondemand,32,244.0,4 x 1900 NVMe SSD,14.496,10437.12,125245.44,hrs,"OnDemand, Reserved"
m6idn.8xlarge,ondemand,32,128.0,1 x 1900 SSD,14.54592,10473.0624,125676.7488,hrs,"OnDemand, Reserved"
r7a.48xlarge,ondemand,192,1536.0,EBS only,14.6064,10516.608,126199.296,hrs,"OnDemand, Reserved"
c5d.9xlarge,ondemand,36,72.0,1 x 900 NVMe SSD,15.228,10964.16,131569.91999999998,hrs,"OnDemand, Reserved"
x2idn.32xlarge,ondemand,128,2048.0,2 x 1900 NVMe SSD,15.5012,11160.864000000001,133930.36800000002,hrs,"OnDemand, Reserved"
c5.24xlarge,ondemand,96,192.0,EBS only,15.6,11232.0,134784.0,hrs,"OnDemand, Reserved"
c5.metal,ondemand,96,192.0,EBS only,15.6,11232.0,134784.0,hrs,"OnDemand, Reserved"
c7i.metal-24xl,ondemand,96,192.0,EBS only,15.804,11378.880000000001,136546.56,hrs,"OnDemand, Reserved"
m6i.24xlarge,ondemand,96,384.0,EBS only,16.128,11612.16,139345.91999999998,hrs,"OnDemand, Reserved"
c5d.24xlarge,ondemand,96,192.0,4 x 900 NVMe SSD,16.128,11612.16,139345.91999999998,hrs,"OnDemand, Reserved"
g5.48xlarge,ondemand,192,768.0,2 x 3800 GB NVMe SSD,16.288,11727.36,140728.32,hrs,"OnDemand, Reserved"
r5a.24xlarge,ondemand,96,768.0,EBS only,16.944,12199.679999999998,146396.15999999997,hrs,"OnDemand, Reserved"
m4.10xlarge,ondemand,40,160.0,EBS only,17.0,12240.0,146880.0,hrs,"OnDemand, Reserved"
m7a.24xlarge,ondemand,96,384.0,EBS only,17.08416,12300.5952,147607.1424,hrs,"OnDemand, Reserved"
r5ad.24xlarge,ondemand,96,768.0,4 x 900 NVMe SSD,17.808,12821.76,153861.12,hrs,"OnDemand, Reserved"
r5d.metal,ondemand,96,768.0,4 x 900 NVMe SSD,18.432,13271.039999999999,159252.47999999998,hrs,"OnDemand, Reserved"
i2.8xlarge,ondemand,32,244.0,8 x 800 SSD,18.824,13553.28,162639.36000000002,hrs,"OnDemand, Reserved"
c5ad.12xlarge,ondemand,48,96.0,2 x 900 NVMe SSD,20.064,14446.08,173352.96,hrs,"OnDemand, Reserved"
m7i.12xlarge,ondemand,48,192.0,EBS only,20.4192,14701.824,176421.888,hrs,"OnDemand, Reserved"
c6id.12xlarge,ondemand,48,96.0,2 x 1425 NVMe SSD,20.4192,14701.824,176421.888,hrs,"OnDemand, Reserved"
c7a.12xlarge,ondemand,48,96.0,EBS only,20.46336,14733.619200000001,176803.4304,hrs,"OnDemand, Reserved"
m5ad.12xlarge,ondemand,48,192.0,2 x 900 NVMe SSD,20.472,14739.84,176878.08000000002,hrs,"OnDemand, Reserved"
m5d.12xlarge,ondemand,48,192.0,2 x 900 NVMe SSD,20.712,14912.64,178951.68,hrs,"OnDemand, Reserved"
m7a.12xlarge,ondemand,48,192.0,EBS only,20.78208,14963.097600000001,179557.1712,hrs,"OnDemand, Reserved"
m5n.12xlarge,ondemand,48,192.0,EBS only,20.856,15016.320000000002,180195.84000000003,hrs,"OnDemand, Reserved"
r7i.12xlarge,ondemand,48,384.0,EBS only,21.1752,15246.144,182953.728,hrs,"OnDemand, Reserved"
m5dn.12xlarge,ondemand,48,192.0,2 x 900 GB NVMe SSD,21.264,15310.08,183720.96,hrs,"OnDemand, Reserved"
r5d.12xlarge,ondemand,48,384.0,2 x 900 NVMe SSD,21.456,15448.32,185379.84,hrs,"OnDemand, Reserved"
trn1.32xlarge,ondemand,128,512.0,4 x 1900 NVMe SSD,21.5,15480.0,185760.0,hrs,"OnDemand, Reserved"
m6i.32xlarge,ondemand,128,512.0,EBS only,21.504,15482.880000000001,185794.56,hrs,"OnDemand, Reserved"
r6id.12xlarge,ondemand,48,384.0,2 x 1425 NVMe SSD,21.6288,15572.735999999999,186872.832,hrs,"OnDemand, Reserved"
c6id.32xlarge,ondemand,128,256.0,4 x 1900 NVMe SSD,21.8112,15704.064,188448.768,hrs,"OnDemand, Reserved"
m6idn.12xlarge,ondemand,48,192.0,2 x 1425 SSD,21.81888,15709.5936,188515.1232,hrs,"OnDemand, Reserved"
r6idn.12xlarge,ondemand,48,384.0,2 x 1425 SSD,22.68936,16336.3392,196036.0704,hrs,"OnDemand, Reserved"
m6id.metal,ondemand,128,512.0,4 x 1900 NVMe SSD,22.9536,16526.592,198319.104,hrs,"OnDemand, Reserved"
m6id.32xlarge,ondemand,128,512.0,4 x 1900 NVMe SSD,22.9536,16526.592,198319.104,hrs,"OnDemand, Reserved"
p3.16xlarge,ondemand,64,488.0,EBS only,24.48,17625.6,211507.19999999998,hrs,"OnDemand, Reserved"
trn1n.32xlarge,ondemand,128,512.0,4 x 1900 NVMe SSD,24.78,17841.600000000002,214099.2,hrs,"OnDemand, Reserved"
r6id.32xlarge,ondemand,128,1024.0,4 x 1900 NVMe SSD,25.0368,18026.496,216317.952,hrs,"OnDemand, Reserved"
r6id.metal,ondemand,128,1024.0,4 x 1900 NVMe SSD,25.0368,18026.496,216317.952,hrs,"OnDemand, Reserved"
m6idn.32xlarge,ondemand,128,512.0,4 x 1900 SSD,25.54368,18391.4496,220697.3952,hrs,"OnDemand, Reserved"
m6idn.metal,ondemand,128,512.0,4 x 1900 SSD,25.54368,18391.4496,220697.3952,hrs,"OnDemand, Reserved"
c6a.16xlarge,ondemand,64,128.0,EBS only,26.448,19042.56,228510.72000000003,hrs,"OnDemand, Reserved"
c5ad.16xlarge,ondemand,64,128.0,2 x 1200 NVMe SSD,26.752,19261.44,231137.27999999997,hrs,"OnDemand, Reserved"
c7i.16xlarge,ondemand,64,128.0,EBS only,26.856,19336.32,232035.84,hrs,"OnDemand, Reserved"
u-3tb1.56xlarge,ondemand,224,3072.0,EBS only,27.3,19656.0,235872.0,hrs,"OnDemand, Reserved"
c6in.16xlarge,ondemand,64,128.0,EBS only,27.6288,19892.735999999997,238712.83199999997,hrs,"OnDemand, Reserved"
r6idn.metal,ondemand,128,1024.0,4 x 1900 SSD,27.86496,20062.7712,240753.25439999998,hrs,"OnDemand, Reserved"
m6in.16xlarge,ondemand,64,256.0,EBS only,28.45536,20487.8592,245854.3104,hrs,"OnDemand, Reserved"
r5n.16xlarge,ondemand,64,512.0,EBS only,28.768,20712.96,248555.52,hrs,"OnDemand, Reserved"
r7a.16xlarge,ondemand,64,512.0,EBS only,28.8688,20785.536,249426.432,hrs,"OnDemand, Reserved"
c5.18xlarge,ondemand,72,144.0,EBS only,30.06,21643.2,259718.40000000002,hrs,"OnDemand, Reserved"
m6a.48xlarge,ondemand,192,768.0,EBS only,31.3344,22560.768,270729.216,hrs,"OnDemand, Reserved"
x2iedn.24xlarge,ondemand,96,3072.0,2 x 1425 NVMe SSD,31.527,22699.440000000002,272393.28,hrs,"OnDemand, Reserved"
m7i.metal-48xl,ondemand,192,768.0,EBS only,32.7168,23556.095999999998,282673.152,hrs,"OnDemand, Reserved"
m7i.48xlarge,ondemand,192,768.0,EBS only,32.7168,23556.095999999998,282673.152,hrs,"OnDemand, Reserved"
p4d.24xlarge,ondemand,96,1152.0,8 x 1000 SSD,32.7726,23596.271999999997,283155.26399999997,hrs,"OnDemand, Reserved"
c7a.48xlarge,ondemand,192,384.0,EBS only,32.89344,23683.2768,284199.3216,hrs,"OnDemand, Reserved"
r6a.metal,ondemand,192,1536.0,EBS only,33.9264,24427.008,293124.096,hrs,"OnDemand, Reserved"
x1e.16xlarge,ondemand,64,1952.0,1 x 1920 SSD,37.344,26887.68,322652.16000000003,hrs,"OnDemand, Reserved"
c6a.24xlarge,ondemand,96,192.0,EBS only,39.672,28563.839999999997,342766.07999999996,hrs,"OnDemand, Reserved"
c5a.24xlarge,ondemand,96,192.0,EBS only,39.696,28581.12,342973.44,hrs,"OnDemand, Reserved"
c5ad.24xlarge,ondemand,96,192.0,2 x 1900 NVMe SSD,40.128,28892.16,346705.92,hrs,"OnDemand, Reserved"
m6a.24xlarge,ondemand,96,384.0,EBS only,40.1472,28905.983999999997,346871.80799999996,hrs,"OnDemand, Reserved"
c7i.24xlarge,ondemand,96,192.0,EBS only,40.284,29004.48,348053.76,hrs,"OnDemand, Reserved"
c6id.24xlarge,ondemand,96,192.0,4 x 1425 NVMe SSD,40.8384,29403.648,352843.776,hrs,"OnDemand, Reserved"
r6a.24xlarge,ondemand,96,768.0,EBS only,41.4432,29839.104,358069.248,hrs,"OnDemand, Reserved"
m5n.metal,ondemand,96,384.0,EBS only,41.712,30032.640000000003,360391.68000000005,hrs,"OnDemand, Reserved"
x2iedn.32xlarge,ondemand,128,4096.0,2 x 1900 NVMe SSD,42.036,30265.920000000002,363191.04000000004,hrs,"OnDemand, Reserved"
x2iedn.metal,ondemand,128,4096.0,2 x 1900 NVMe SSD,42.036,30265.920000000002,363191.04000000004,hrs,"OnDemand, Reserved"
x1e.32xlarge,ondemand,128,3904.0,2 x 1920 SSD,42.048,30274.56,363294.72000000003,hrs,"OnDemand, Reserved"
r6i.24xlarge,ondemand,96,768.0,EBS only,42.048,30274.56,363294.72000000003,hrs,"OnDemand, Reserved"
r5.24xlarge,ondemand,96,768.0,EBS only,42.048,30274.56,363294.72000000003,hrs,"OnDemand, Reserved"
r5n.24xlarge,ondemand,96,768.0,EBS only,43.152,31069.440000000002,372833.28,hrs,"OnDemand, Reserved"
r6id.24xlarge,ondemand,96,768.0,4 x 1425 SSD,43.2576,31145.471999999998,373745.664,hrs,"OnDemand, Reserved"
r7a.24xlarge,ondemand,96,768.0,EBS only,43.3032,31178.303999999996,374139.6479999999,hrs,"OnDemand, Reserved"
i4i.24xlarge,ondemand,96,768.0,6 x 3750 NVMe SSD,44.2368,31850.496000000003,382205.95200000005,hrs,"OnDemand, Reserved"
r6idn.24xlarge,ondemand,96,768.0,4 x 1425 SSD,45.37872,32672.6784,392072.1408,hrs,"OnDemand, Reserved"
i3en.metal,ondemand,96,768.0,8 x 7500 NVMe SSD,46.848,33730.56,404766.72,hrs,"OnDemand, Reserved"
c6a.32xlarge,ondemand,128,256.0,EBS only,52.896,38085.12,457021.44000000006,hrs,"OnDemand, Reserved"
m6i.metal,ondemand,128,512.0,EBS only,54.144,38983.68,467804.16000000003,hrs,"OnDemand, Reserved"
r6a.32xlarge,ondemand,128,1024.0,EBS only,55.2576,39785.471999999994,477425.66399999993,hrs,"OnDemand, Reserved"
m6in.32xlarge,ondemand,128,512.0,EBS only,56.91072,40975.7184,491708.6208,hrs,"OnDemand, Reserved"
m6in.metal,ondemand,128,512.0,EBS only,56.91072,40975.7184,491708.6208,hrs,"OnDemand, Reserved"
i4i.metal,ondemand,128,1024.0,8 x 3750 NVMe SSD,58.982,42467.04,509604.48,hrs,"OnDemand, Reserved"
c6a.48xlarge,ondemand,192,384.0,EBS only,79.344,57127.67999999999,685532.1599999999,hrs,"OnDemand, Reserved"
m6a.metal,ondemand,192,768.0,EBS only,80.2944,57811.96799999999,693743.6159999999,hrs,"OnDemand, Reserved"
c7i.metal-48xl,ondemand,192,384.0,EBS only,80.568,58008.96,696107.52,hrs,"OnDemand, Reserved"
r7i.48xlarge,ondemand,192,1536.0,EBS only,84.7008,60984.576,731814.912,hrs,"OnDemand, Reserved"
r7i.metal-48xl,ondemand,192,1536.0,EBS only,84.7008,60984.576,731814.912,hrs,"OnDemand, Reserved"
r7a.metal-48xl,ondemand,192,1536.0,EBS only,86.6064,62356.60799999999,748279.2959999999,hrs,"OnDemand, Reserved"
p5.48xlarge,ondemand,192,2048.0,8 x 3840 GB SSD,98.32,70790.4,849484.7999999999,hrs,"OnDemand, Reserved"
u-6tb1.112xlarge,ondemand,448,6144.0,EBS only,108.36,78019.2,936230.3999999999,hrs,"OnDemand, Reserved"
u-6tb1.56xlarge,ondemand,224,6144.0,EBS only,130.40391,93890.8152,1126689.7824,hrs,"OnDemand, Reserved"
u-12tb1.112xlarge,ondemand,448,12288.0,EBS only,277.2,199584.0,2395008.0,hrs,"OnDemand, Reserved"
